video_id,tag1,tag2,tag3
0,1,0,0
1,2,0,0
2,3,0,0
3,4,0,0
4,5,0,0
5,6,0,0
6,4,0,0
7,7,0,0
8,8,9,0
9,10,7,0
10,2,0,0
11,4,11,0
12,3,0,0
13,7,0,0
14,10,6,0
15,12,0,0
16,13,0,0
17,7,0,0
18,14,0,0
19,15,16,0
20,17,0,0
21,7,0,0
22,3,0,0
23,18,0,0
24,19,0,0
25,20,0,0
26,4,21,0
27,4,11,0
28,22,0,0
29,2,0,0
30,12,0,0
31,4,0,0
32,7,0,0
33,3,0,0
34,18,0,0
35,4,21,0
36,18,0,0
37,12,0,0
38,6,0,0
39,19,0,0
40,23,0,0
41,18,0,0
42,2,0,0
43,4,21,0
44,4,0,0
45,9,0,0
46,18,24,25
47,18,25,0
48,4,11,0
49,23,0,0
50,4,0,0
51,6,0,0
52,4,0,0
53,12,0,0
54,26,0,0
55,6,0,0
56,18,0,0
57,3,0,0
58,27,0,0
59,26,0,0
60,4,0,0
61,26,10,0
62,4,21,0
63,14,0,0
64,14,0,0
65,3,0,0
66,4,0,0
67,3,0,0
68,23,0,0
69,18,15,0
70,2,0,0
71,27,0,0
72,15,7,0
73,3,0,0
74,4,11,0
75,4,0,0
76,16,0,0
77,7,0,0
78,4,21,0
79,2,0,0
80,14,0,0
81,14,0,0
82,4,11,0
83,18,0,0
84,28,0,0
85,20,0,0
86,20,0,0
87,3,0,0
88,3,0,0
89,2,0,0
90,4,0,0
91,4,0,0
92,14,0,0
93,23,21,0
94,23,11,0
95,12,0,0
96,1,0,0
97,4,21,0
98,29,0,0
99,6,0,0
100,6,0,0
101,13,0,0
102,12,0,0
103,4,21,0
104,4,21,0
105,23,0,0
106,26,0,0
107,30,0,0
108,4,11,0
109,18,15,0
110,6,0,0
111,16,0,0
112,3,0,0
113,16,0,0
114,12,0,0
115,17,0,0
116,2,0,0
117,12,0,0
118,2,0,0
119,14,0,0
120,1,0,0
121,15,16,0
122,4,0,0
123,2,0,0
124,26,0,0
125,4,0,0
126,16,0,0
127,4,0,0
128,23,0,0
129,23,0,0
130,27,0,0
131,6,0,0
132,4,0,0
133,6,0,0
134,4,0,0
135,3,0,0
136,27,0,0
137,4,11,0
138,29,0,0
139,3,15,0
140,30,25,0
141,6,0,0
142,14,0,0
143,29,0,0
144,23,0,0
145,7,0,0
146,27,0,0
147,3,0,0
148,18,0,0
149,4,0,0
150,31,0,0
151,3,0,0
152,27,0,0
153,28,0,0
154,4,0,0
155,28,0,0
156,7,0,0
157,1,0,0
158,7,0,0
159,3,15,0
160,32,10,0
161,18,0,0
162,33,0,0
163,22,0,0
164,6,0,0
165,4,0,0
166,6,0,0
167,4,0,0
168,18,0,0
169,18,0,0
170,34,0,0
171,3,0,0
172,18,0,0
173,26,10,0
174,3,0,0
175,18,0,0
176,3,15,0
177,18,0,0
178,6,0,0
179,4,0,0
180,4,0,0
181,4,0,0
182,18,0,0
183,4,0,0
184,3,0,0
185,18,0,0
186,6,0,0
187,1,0,0
188,18,0,0
189,3,0,0
190,26,0,0
191,7,0,0
192,4,0,0
193,6,0,0
194,17,0,0
195,15,7,0
196,3,0,0
197,4,11,0
198,26,0,0
199,4,0,0
200,23,10,0
201,14,0,0
202,15,1,0
203,3,0,0
204,1,0,0
205,6,0,0
206,4,0,0
207,4,0,0
208,1,0,0
209,23,10,0
210,26,0,0
211,1,0,0
212,4,21,0
213,23,11,0
214,14,0,0
215,2,0,0
216,19,0,0
217,22,0,0
218,15,7,0
219,4,0,0
220,23,0,0
221,3,0,0
222,2,0,0
223,2,0,0
224,3,0,0
225,6,0,0
226,4,0,0
227,4,11,0
228,3,0,0
229,18,25,0
230,23,0,0
231,4,0,0
232,10,6,0
233,28,0,0
234,3,0,0
235,4,11,0
236,18,0,0
237,4,11,0
238,32,10,0
239,4,0,0
240,2,0,0
241,18,0,0
242,28,0,0
243,18,15,0
244,23,0,0
245,30,0,0
246,23,11,0
247,4,0,0
248,28,0,0
249,28,0,0
250,18,25,0
251,5,0,0
252,4,11,0
253,4,0,0
254,26,0,0
255,23,0,0
256,4,0,0
257,23,0,0
258,35,0,0
259,23,11,0
260,14,0,0
261,18,0,0
262,1,0,0
263,36,0,0
264,4,0,0
265,6,0,0
266,22,0,0
267,3,0,0
268,7,0,0
269,2,0,0
270,14,0,0
271,26,0,0
272,15,16,0
273,18,0,0
274,26,0,0
275,27,0,0
276,18,0,0
277,28,0,0
278,17,0,0
279,14,0,0
280,23,11,0
281,2,0,0
282,26,0,0
283,3,0,0
284,22,0,0
285,32,10,0
286,4,0,0
287,15,16,0
288,3,0,0
289,2,0,0
290,28,0,0
291,26,0,0
292,4,11,0
293,34,10,0
294,4,21,0
295,4,0,0
296,9,0,0
297,22,0,0
298,18,25,0
299,12,0,0
300,4,21,0
301,2,0,0
302,8,9,0
303,4,0,0
304,4,0,0
305,3,0,0
306,2,0,0
307,15,9,0
308,18,0,0
309,23,10,0
310,23,0,0
311,22,0,0
312,3,0,0
313,4,11,0
314,4,0,0
315,6,0,0
316,6,0,0
317,4,11,0
318,2,0,0
319,3,15,0
320,6,0,0
321,2,0,0
322,15,7,0
323,3,0,0
324,14,0,0
325,6,0,0
326,1,0,0
327,28,0,0
328,4,21,0
329,1,0,0
330,4,0,0
331,30,25,0
332,15,7,0
333,1,0,0
334,4,0,0
335,3,0,0
336,23,21,0
337,22,0,0
338,3,0,0
339,34,0,0
340,4,0,0
341,18,0,0
342,34,0,0
343,14,0,0
344,1,0,0
345,4,0,0
346,1,0,0
347,7,0,0
348,10,6,0
349,27,0,0
350,4,0,0
351,26,0,0
352,3,0,0
353,12,0,0
354,3,0,0
355,18,15,0
356,15,16,0
357,7,0,0
358,4,0,0
359,3,15,0
360,18,15,0
361,3,0,0
362,2,0,0
363,3,0,0
364,7,0,0
365,7,0,0
366,18,25,0
367,28,0,0
368,3,0,0
369,2,0,0
370,8,16,0
371,7,0,0
372,36,0,0
373,3,0,0
374,6,0,0
375,12,0,0
376,4,0,0
377,3,0,0
378,6,0,0
379,4,0,0
380,4,0,0
381,37,0,0
382,9,0,0
383,8,16,0
384,22,0,0
385,28,0,0
386,6,0,0
387,4,0,0
388,4,0,0
389,18,15,0
390,3,0,0
391,3,0,0
392,2,0,0
393,4,0,0
394,4,0,0
395,38,0,0
396,12,0,0
397,2,0,0
398,4,0,0
399,18,25,0
400,14,0,0
401,1,0,0
402,4,0,0
403,3,0,0
404,18,0,0
405,2,0,0
406,7,0,0
407,7,0,0
408,12,0,0
409,35,0,0
410,4,21,0
411,23,11,0
412,22,0,0
413,26,0,0
414,4,0,0
415,23,11,0
416,18,0,0
417,18,0,0
418,4,11,0
419,1,0,0
420,23,21,0
421,4,0,0
422,3,0,0
423,6,0,0
424,16,0,0
425,17,0,0
426,22,0,0
427,20,0,0
428,2,0,0
429,26,0,0
430,23,21,0
431,4,0,0
432,2,0,0
433,4,0,0
434,18,15,0
435,4,0,0
436,6,0,0
437,16,0,0
438,6,0,0
439,7,0,0
440,4,0,0
441,15,39,0
442,4,0,0
443,7,0,0
444,32,0,0
445,12,15,0
446,3,0,0
447,4,0,0
448,4,0,0
449,3,0,0
450,5,0,0
451,3,0,0
452,4,11,0
453,37,0,0
454,18,15,0
455,18,0,0
456,18,0,0
457,30,0,0
458,3,15,0
459,30,25,0
460,6,0,0
461,4,0,0
462,36,0,0
463,3,0,0
464,6,0,0
465,3,0,0
466,18,0,0
467,28,0,0
468,2,0,0
469,2,0,0
470,18,15,0
471,6,0,0
472,6,0,0
473,26,0,0
474,31,0,0
475,40,0,0
476,13,0,0
477,23,0,0
478,4,0,0
479,7,0,0
480,16,0,0
481,6,0,0
482,2,0,0
483,6,0,0
484,20,0,0
485,27,0,0
486,20,0,0
487,4,11,0
488,32,10,0
489,14,0,0
490,41,8,9
491,23,10,0
492,42,0,0
493,4,11,0
494,7,0,0
495,22,0,0
496,2,0,0
497,33,0,0
498,4,21,0
499,4,0,0
500,12,0,0
501,4,0,0
502,31,0,0
503,4,0,0
504,22,0,0
505,1,0,0
506,4,0,0
507,18,25,0
508,4,11,0
509,1,0,0
510,26,0,0
511,3,0,0
512,2,0,0
513,27,0,0
514,3,0,0
515,2,0,0
516,22,0,0
517,7,0,0
518,7,0,0
519,34,0,0
520,40,0,0
521,4,11,0
522,7,0,0
523,23,10,0
524,6,0,0
525,3,15,0
526,4,11,0
527,4,0,0
528,23,21,0
529,4,21,0
530,36,0,0
531,2,0,0
532,4,21,0
533,6,0,0
534,23,21,0
535,15,7,0
536,4,11,0
537,5,0,0
538,6,0,0
539,4,21,0
540,4,11,0
541,4,0,0
542,23,0,0
543,15,16,0
544,7,0,0
545,4,21,0
546,2,0,0
547,3,15,0
548,4,21,0
549,16,0,0
550,4,11,0
551,4,0,0
552,4,21,0
553,28,0,0
554,4,0,0
555,18,15,0
556,34,0,0
557,23,0,0
558,12,0,0
559,4,21,0
560,27,0,0
561,4,0,0
562,6,0,0
563,20,0,0
564,27,0,0
565,4,0,0
566,23,11,0
567,18,25,0
568,4,21,0
569,28,0,0
570,23,0,0
571,4,0,0
572,7,0,0
573,1,0,0
574,4,11,0
575,23,10,0
576,4,11,0
577,3,0,0
578,3,0,0
579,40,0,0
580,7,0,0
581,4,11,0
582,4,0,0
583,4,21,0
584,23,10,0
585,12,0,0
586,4,0,0
587,34,0,0
588,4,0,0
589,14,0,0
590,17,0,0
591,18,0,0
592,26,0,0
593,12,0,0
594,23,0,0
595,7,0,0
596,18,15,0
597,4,0,0
598,28,0,0
599,4,11,0
600,6,0,0
601,23,0,0
602,2,0,0
603,18,15,0
604,42,0,0
605,4,0,0
606,4,11,0
607,4,0,0
608,2,0,0
609,22,0,0
610,12,0,0
611,7,0,0
612,18,15,0
613,17,0,0
614,1,0,0
615,4,11,0
616,4,0,0
617,14,0,0
618,4,11,0
619,7,0,0
620,34,0,0
621,23,0,0
622,3,0,0
623,23,10,11
624,36,0,0
625,22,0,0
626,3,15,0
627,4,21,0
628,14,0,0
629,12,0,0
630,4,0,0
631,22,0,0
632,7,0,0
633,4,11,0
634,20,41,8
635,7,0,0
636,4,0,0
637,15,19,8
638,23,0,0
639,3,0,0
640,4,0,0
641,3,0,0
642,13,0,0
643,28,0,0
644,4,11,0
645,35,0,0
646,6,0,0
647,23,21,0
648,7,0,0
649,3,0,0
650,14,0,0
651,14,0,0
652,4,0,0
653,2,0,0
654,6,0,0
655,28,0,0
656,1,0,0
657,1,0,0
658,18,0,0
659,40,0,0
660,10,16,0
661,1,0,0
662,3,0,0
663,26,0,0
664,7,0,0
665,2,0,0
666,18,15,0
667,1,0,0
668,36,0,0
669,3,0,0
670,23,10,0
671,6,0,0
672,27,0,0
673,4,21,0
674,12,0,0
675,9,0,0
676,18,0,0
677,18,0,0
678,17,0,0
679,14,0,0
680,3,0,0
681,27,0,0
682,4,0,0
683,22,0,0
684,23,10,0
685,18,15,0
686,23,10,0
687,15,39,0
688,30,0,0
689,40,0,0
690,30,0,0
691,17,0,0
692,15,9,0
693,26,10,0
694,12,0,0
695,4,21,0
696,4,0,0
697,3,0,0
698,6,0,0
699,6,0,0
700,30,0,0
701,2,0,0
702,16,0,0
703,18,15,0
704,23,21,0
705,20,0,0
706,4,0,0
707,1,0,0
708,4,0,0
709,22,0,0
710,12,0,0
711,1,0,0
712,3,0,0
713,28,0,0
714,16,0,0
715,2,0,0
716,6,0,0
717,2,0,0
718,4,0,0
719,4,0,0
720,6,0,0
721,12,0,0
722,3,0,0
723,4,11,0
724,3,0,0
725,4,11,0
726,23,0,0
727,16,0,0
728,1,0,0
729,4,0,0
730,17,0,0
731,6,0,0
732,7,0,0
733,4,0,0
734,23,0,0
735,14,0,0
736,4,0,0
737,6,0,0
738,4,11,0
739,4,0,0
740,6,0,0
741,20,0,0
742,4,0,0
743,4,0,0
744,4,11,0
745,18,0,0
746,4,11,0
747,3,0,0
748,18,25,0
749,9,0,0
750,3,8,0
751,4,0,0
752,7,0,0
753,4,21,0
754,23,10,0
755,4,21,0
756,15,16,0
757,23,0,0
758,23,11,0
759,22,0,0
760,18,0,0
761,28,0,0
762,4,0,0
763,3,0,0
764,1,0,0
765,4,0,0
766,22,0,0
767,18,0,0
768,18,0,0
769,23,0,0
770,7,0,0
771,2,0,0
772,4,21,0
773,23,0,0
774,4,21,0
775,26,0,0
776,34,0,0
777,23,0,0
778,7,0,0
779,26,0,0
780,4,0,0
781,18,0,0
782,1,0,0
783,27,0,0
784,22,0,0
785,4,0,0
786,16,0,0
787,14,0,0
788,18,0,0
789,3,0,0
790,30,0,0
791,38,0,0
792,29,0,0
793,23,10,0
794,18,25,0
795,34,0,0
796,2,0,0
797,4,0,0
798,4,11,0
799,7,0,0
800,4,21,0
801,2,0,0
802,7,0,0
803,23,0,0
804,4,0,0
805,26,0,0
806,6,0,0
807,4,0,0
808,14,0,0
809,22,0,0
810,4,0,0
811,18,0,0
812,3,0,0
813,23,0,0
814,26,0,0
815,6,0,0
816,1,0,0
817,7,0,0
818,2,0,0
819,6,0,0
820,22,0,0
821,2,0,0
822,10,16,0
823,14,0,0
824,23,0,0
825,19,8,0
826,12,15,0
827,4,0,0
828,2,0,0
829,3,0,0
830,20,8,0
831,3,0,0
832,3,0,0
833,1,0,0
834,23,0,0
835,32,0,0
836,34,0,0
837,4,0,0
838,3,0,0
839,3,0,0
840,13,0,0
841,3,0,0
842,12,0,0
843,12,0,0
844,28,0,0
845,2,0,0
846,4,21,0
847,9,0,0
848,33,0,0
849,17,0,0
850,3,0,0
851,3,0,0
852,6,0,0
853,14,0,0
854,26,10,0
855,23,0,0
856,4,0,0
857,6,0,0
858,26,0,0
859,7,0,0
860,2,0,0
861,20,0,0
862,16,0,0
863,32,15,0
864,17,0,0
865,17,0,0
866,26,10,0
867,1,0,0
868,4,0,0
869,14,0,0
870,4,11,0
871,28,0,0
872,1,0,0
873,18,15,0
874,1,0,0
875,6,0,0
876,32,0,0
877,4,0,0
878,6,0,0
879,18,15,0
880,3,0,0
881,23,10,0
882,27,0,0
883,6,0,0
884,4,0,0
885,34,0,0
886,4,11,0
887,14,0,0
888,4,0,0
889,19,0,0
890,18,15,0
891,23,0,0
892,2,0,0
893,17,0,0
894,6,0,0
895,22,0,0
896,43,0,0
897,4,21,0
898,14,0,0
899,18,0,0
900,3,0,0
901,20,8,25
902,15,16,0
903,18,15,0
904,16,0,0
905,4,11,0
906,16,0,0
907,6,0,0
908,7,0,0
909,2,0,0
910,34,0,0
911,3,0,0
912,22,0,0
913,28,0,0
914,23,0,0
915,18,0,0
916,4,11,0
917,4,11,0
918,4,21,0
919,2,0,0
920,3,0,0
921,26,10,0
922,12,0,0
923,4,11,0
924,17,0,0
925,29,0,0
926,4,0,0
927,2,0,0
928,2,0,0
929,34,0,0
930,18,15,0
931,2,0,0
932,10,16,0
933,2,0,0
934,6,0,0
935,41,8,9
936,2,0,0
937,3,15,0
938,18,0,0
939,23,10,0
940,4,0,0
941,4,21,0
942,20,8,0
943,1,0,0
944,23,10,0
945,18,15,0
946,23,21,0
947,4,11,0
948,4,0,0
949,26,10,0
950,3,0,0
951,13,0,0
952,22,0,0
953,38,0,0
954,15,7,0
955,18,15,0
956,17,0,0
957,16,0,0
958,2,0,0
959,4,0,0
960,4,0,0
961,2,0,0
962,23,0,0
963,23,0,0
964,6,0,0
965,18,15,8
966,28,0,0
967,12,0,0
968,23,10,0
969,43,0,0
970,4,0,0
971,3,0,0
972,18,15,0
973,23,0,0
974,4,0,0
975,3,15,0
976,34,0,0
977,2,0,0
978,5,0,0
979,4,0,0
980,2,0,0
981,23,10,0
982,3,0,0
983,18,0,0
984,33,0,0
985,23,0,0
986,17,0,0
987,18,0,0
988,2,0,0
989,18,15,0
990,2,0,0
991,2,0,0
992,3,0,0
993,15,19,0
994,4,0,0
995,27,0,0
996,22,0,0
997,4,0,0
998,28,0,0
999,1,0,0
1000,4,0,0
1001,3,0,0
1002,4,21,0
1003,18,0,0
1004,13,0,0
1005,4,0,0
1006,39,0,0
1007,15,16,0
1008,2,0,0
1009,2,0,0
1010,23,0,0
1011,2,0,0
1012,1,0,0
1013,4,0,0
1014,23,0,0
1015,2,0,0
1016,4,0,0
1017,3,0,0
1018,7,0,0
1019,30,25,0
1020,3,0,0
1021,9,0,0
1022,20,8,0
1023,3,15,0
1024,16,0,0
1025,28,0,0
1026,36,0,0
1027,10,6,0
1028,36,0,0
1029,39,0,0
1030,12,0,0
1031,20,0,0
1032,1,0,0
1033,23,0,0
1034,4,0,0
1035,5,0,0
1036,4,0,0
1037,42,0,0
1038,3,0,0
1039,3,0,0
1040,28,0,0
1041,11,6,0
1042,14,0,0
1043,18,0,0
1044,23,0,0
1045,3,0,0
1046,10,16,0
1047,18,0,0
1048,1,0,0
1049,1,0,0
1050,4,0,0
1051,1,0,0
1052,6,0,0
1053,2,0,0
1054,4,0,0
1055,23,0,0
1056,4,11,0
1057,4,0,0
1058,23,21,0
1059,4,0,0
1060,23,11,0
1061,7,0,0
1062,3,0,0
1063,2,0,0
1064,2,0,0
1065,7,0,0
1066,23,0,0
1067,16,0,0
1068,18,25,0
1069,1,0,0
1070,4,21,0
1071,14,0,0
1072,23,11,0
1073,4,0,0
1074,40,0,0
1075,4,0,0
1076,4,0,0
1077,4,0,0
1078,3,0,0
1079,4,21,0
1080,12,15,0
1081,1,0,0
1082,1,0,0
1083,3,0,0
1084,3,0,0
1085,27,0,0
1086,22,0,0
1087,9,0,0
1088,30,0,0
1089,2,0,0
1090,7,0,0
1091,23,21,0
1092,1,0,0
1093,2,0,0
1094,6,0,0
1095,4,21,0
1096,2,0,0
1097,6,0,0
1098,12,0,0
1099,18,25,0
1100,23,10,0
1101,22,0,0
1102,14,0,0
1103,26,0,0
1104,3,0,0
1105,7,0,0
1106,23,0,0
1107,17,0,0
1108,23,0,0
1109,35,0,0
1110,4,11,0
1111,3,0,0
1112,4,11,0
1113,1,0,0
1114,12,0,0
1115,12,0,0
1116,19,0,0
1117,6,0,0
1118,7,0,0
1119,28,0,0
1120,18,25,0
1121,22,0,0
1122,13,0,0
1123,12,0,0
1124,18,25,0
1125,2,0,0
1126,19,0,0
1127,42,0,0
1128,7,0,0
1129,4,21,0
1130,4,0,0
1131,2,0,0
1132,28,0,0
1133,18,0,0
1134,32,0,0
1135,4,0,0
1136,3,0,0
1137,4,21,0
1138,23,11,0
1139,17,0,0
1140,28,0,0
1141,7,0,0
1142,1,0,0
1143,4,0,0
1144,13,0,0
1145,34,0,0
1146,34,0,0
1147,3,0,0
1148,28,0,0
1149,18,0,0
1150,22,0,0
1151,15,16,0
1152,12,0,0
1153,23,21,0
1154,6,0,0
1155,6,0,0
1156,7,0,0
1157,3,0,0
1158,22,0,0
1159,4,0,0
1160,28,0,0
1161,23,0,0
1162,20,0,0
1163,3,0,0
1164,2,0,0
1165,26,10,0
1166,4,11,0
1167,23,21,0
1168,10,6,0
1169,3,0,0
1170,30,25,0
1171,28,0,0
1172,5,0,0
1173,3,15,0
1174,1,0,0
1175,18,0,0
1176,7,0,0
1177,3,0,0
1178,3,0,0
1179,23,0,0
1180,7,0,0
1181,4,0,0
1182,2,0,0
1183,4,0,0
1184,4,0,0
1185,22,0,0
1186,4,0,0
1187,7,0,0
1188,4,11,0
1189,3,0,0
1190,23,11,0
1191,4,0,0
1192,4,0,0
1193,22,0,0
1194,6,0,0
1195,3,0,0
1196,3,0,0
1197,4,0,0
1198,7,0,0
1199,2,0,0
1200,6,0,0
1201,18,15,0
1202,3,0,0
1203,7,0,0
1204,1,0,0
1205,23,10,0
1206,7,0,0
1207,27,0,0
1208,26,0,0
1209,15,16,0
1210,28,0,0
1211,28,0,0
1212,12,0,0
1213,6,0,0
1214,4,21,0
1215,17,0,0
1216,30,0,0
1217,4,0,0
1218,3,0,0
1219,2,0,0
1220,4,0,0
1221,18,0,0
1222,15,16,0
1223,2,0,0
1224,4,21,0
1225,28,0,0
1226,4,0,0
1227,4,0,0
1228,27,0,0
1229,26,0,0
1230,4,0,0
1231,23,21,0
1232,4,0,0
1233,2,0,0
1234,13,0,0
1235,4,0,0
1236,18,0,0
1237,2,0,0
1238,3,0,0
1239,4,11,0
1240,39,0,0
1241,3,0,0
1242,23,21,0
1243,22,0,0
1244,4,0,0
1245,7,0,0
1246,18,15,0
1247,4,21,0
1248,2,0,0
1249,2,0,0
1250,14,0,0
1251,6,0,0
1252,1,0,0
1253,14,0,0
1254,2,0,0
1255,42,0,0
1256,23,21,0
1257,32,15,0
1258,18,0,0
1259,17,0,0
1260,27,0,0
1261,27,0,0
1262,38,0,0
1263,26,0,0
1264,18,25,0
1265,28,0,0
1266,32,0,0
1267,18,0,0
1268,3,0,0
1269,34,0,0
1270,26,0,0
1271,6,0,0
1272,4,11,0
1273,4,0,0
1274,17,0,0
1275,43,0,0
1276,4,21,0
1277,3,0,0
1278,1,0,0
1279,4,0,0
1280,7,0,0
1281,14,0,0
1282,23,11,0
1283,7,0,0
1284,27,0,0
1285,18,15,0
1286,18,0,0
1287,3,0,0
1288,4,0,0
1289,23,21,0
1290,18,0,0
1291,18,0,0
1292,3,0,0
1293,23,11,0
1294,4,21,0
1295,1,0,0
1296,20,0,0
1297,4,0,0
1298,14,0,0
1299,18,15,0
1300,6,0,0
1301,22,0,0
1302,3,0,0
1303,4,0,0
1304,35,0,0
1305,14,0,0
1306,41,13,0
1307,23,10,0
1308,34,0,0
1309,4,0,0
1310,34,0,0
1311,7,0,0
1312,23,0,0
1313,6,0,0
1314,3,0,0
1315,4,0,0
1316,27,0,0
1317,40,0,0
1318,2,0,0
1319,29,0,0
1320,4,0,0
1321,4,21,0
1322,18,15,0
1323,4,11,0
1324,3,0,0
1325,2,0,0
1326,31,0,0
1327,38,0,0
1328,3,0,0
1329,2,0,0
1330,23,21,0
1331,23,10,0
1332,23,21,0
1333,28,0,0
1334,2,0,0
1335,12,0,0
1336,3,0,0
1337,4,0,0
1338,18,15,0
1339,1,0,0
1340,28,0,0
1341,27,0,0
1342,4,0,0
1343,23,0,0
1344,18,0,0
1345,23,11,0
1346,6,0,0
1347,4,11,0
1348,2,0,0
1349,2,0,0
1350,28,0,0
1351,4,0,0
1352,42,0,0
1353,23,11,0
1354,6,0,0
1355,4,0,0
1356,18,0,0
1357,9,0,0
1358,27,0,0
1359,6,0,0
1360,22,0,0
1361,34,0,0
1362,23,0,0
1363,7,0,0
1364,15,16,0
1365,29,0,0
1366,6,0,0
1367,34,0,0
1368,12,15,0
1369,18,25,0
1370,4,11,0
1371,1,0,0
1372,3,0,0
1373,4,21,0
1374,3,0,0
1375,4,0,0
1376,27,0,0
1377,2,0,0
1378,18,0,0
1379,23,0,0
1380,12,0,0
1381,23,11,0
1382,4,0,0
1383,2,0,0
1384,4,11,0
1385,23,21,0
1386,27,0,0
1387,18,15,0
1388,14,0,0
1389,14,0,0
1390,22,0,0
1391,18,25,0
1392,12,0,0
1393,3,0,0
1394,3,0,0
1395,18,25,0
1396,3,0,0
1397,18,0,0
1398,18,25,0
1399,4,11,0
1400,2,0,0
1401,4,0,0
1402,26,0,0
1403,4,0,0
1404,23,11,0
1405,2,0,0
1406,1,0,0
1407,6,0,0
1408,10,17,0
1409,2,0,0
1410,22,0,0
1411,6,0,0
1412,4,0,0
1413,14,0,0
1414,5,0,0
1415,4,11,0
1416,4,11,0
1417,3,0,0
1418,3,0,0
1419,3,0,0
1420,26,0,0
1421,20,0,0
1422,3,0,0
1423,14,0,0
1424,6,0,0
1425,28,0,0
1426,14,0,0
1427,16,0,0
1428,6,0,0
1429,3,0,0
1430,18,0,0
1431,18,0,0
1432,7,0,0
1433,7,0,0
1434,3,0,0
1435,3,0,0
1436,40,0,0
1437,4,0,0
1438,23,21,0
1439,7,0,0
1440,7,0,0
1441,16,0,0
1442,3,0,0
1443,15,7,0
1444,13,0,0
1445,4,0,0
1446,14,0,0
1447,4,0,0
1448,2,0,0
1449,12,0,0
1450,19,0,0
1451,26,0,0
1452,3,0,0
1453,6,0,0
1454,4,0,0
1455,18,15,0
1456,3,0,0
1457,3,15,0
1458,17,0,0
1459,3,0,0
1460,9,0,0
1461,23,0,0
1462,2,0,0
1463,7,0,0
1464,9,0,0
1465,3,0,0
1466,4,11,0
1467,23,0,0
1468,14,0,0
1469,2,0,0
1470,23,0,0
1471,2,0,0
1472,2,0,0
1473,2,0,0
1474,4,11,0
1475,3,0,0
1476,3,0,0
1477,12,0,0
1478,30,25,0
1479,34,0,0
1480,4,0,0
1481,6,0,0
1482,12,0,0
1483,4,0,0
1484,4,21,0
1485,37,0,0
1486,3,0,0
1487,4,0,0
1488,7,0,0
1489,4,0,0
1490,29,0,0
1491,4,21,0
1492,26,10,0
1493,3,0,0
1494,18,0,0
1495,4,0,0
1496,4,11,0
1497,18,0,0
1498,3,0,0
1499,2,0,0
1500,3,0,0
1501,4,0,0
1502,12,0,0
1503,4,0,0
1504,20,0,0
1505,18,0,0
1506,4,21,0
1507,20,8,0
1508,4,0,0
1509,31,0,0
1510,18,0,0
1511,4,11,0
1512,2,0,0
1513,23,21,0
1514,1,0,0
1515,23,11,0
1516,2,0,0
1517,23,0,0
1518,9,0,0
1519,23,0,0
1520,6,0,0
1521,26,0,0
1522,28,0,0
1523,6,0,0
1524,4,0,0
1525,6,0,0
1526,7,0,0
1527,2,0,0
1528,2,0,0
1529,26,0,0
1530,30,0,0
1531,23,0,0
1532,8,9,0
1533,6,0,0
1534,4,21,0
1535,18,0,0
1536,6,0,0
1537,4,0,0
1538,4,21,0
1539,3,15,0
1540,3,0,0
1541,18,0,0
1542,4,21,0
1543,14,0,0
1544,23,0,0
1545,6,0,0
1546,4,21,0
1547,2,0,0
1548,34,0,0
1549,23,21,0
1550,4,21,0
1551,29,0,0
1552,26,10,0
1553,4,11,0
1554,6,0,0
1555,4,11,0
1556,28,0,0
1557,4,0,0
1558,40,0,0
1559,12,0,0
1560,16,0,0
1561,4,0,0
1562,18,0,0
1563,26,10,0
1564,2,0,0
1565,6,0,0
1566,7,0,0
1567,12,0,0
1568,3,0,0
1569,1,0,0
1570,16,0,0
1571,28,0,0
1572,3,0,0
1573,14,0,0
1574,18,0,0
1575,26,0,0
1576,22,0,0
1577,3,0,0
1578,7,0,0
1579,3,0,0
1580,4,0,0
1581,23,0,0
1582,4,0,0
1583,6,0,0
1584,8,9,0
1585,30,25,0
1586,30,25,0
1587,4,0,0
1588,1,0,0
1589,6,0,0
1590,6,0,0
1591,4,0,0
1592,18,15,0
1593,4,0,0
1594,14,0,0
1595,6,0,0
1596,19,0,0
1597,33,0,0
1598,23,11,0
1599,9,0,0
1600,28,0,0
1601,4,0,0
1602,6,0,0
1603,4,0,0
1604,8,16,0
1605,4,0,0
1606,4,0,0
1607,4,21,0
1608,26,10,0
1609,3,0,0
1610,18,0,0
1611,6,0,0
1612,3,0,0
1613,4,21,0
1614,18,0,0
1615,6,0,0
1616,4,11,0
1617,23,0,0
1618,6,0,0
1619,4,21,0
1620,7,0,0
1621,7,0,0
1622,23,0,0
1623,35,0,0
1624,4,11,0
1625,32,0,0
1626,23,0,0
1627,16,0,0
1628,34,0,0
1629,26,0,0
1630,2,0,0
1631,2,0,0
1632,7,0,0
1633,4,0,0
1634,4,0,0
1635,4,0,0
1636,12,0,0
1637,4,21,0
1638,2,0,0
1639,18,0,0
1640,23,10,0
1641,23,10,0
1642,2,0,0
1643,7,0,0
1644,4,0,0
1645,30,0,0
1646,4,0,0
1647,23,0,0
1648,2,0,0
1649,23,0,0
1650,18,0,0
1651,3,0,0
1652,18,0,0
1653,30,25,0
1654,2,0,0
1655,33,0,0
1656,26,0,0
1657,4,0,0
1658,12,0,0
1659,18,25,0
1660,23,21,0
1661,4,0,0
1662,2,0,0
1663,1,0,0
1664,15,7,0
1665,22,0,0
1666,3,0,0
1667,27,0,0
1668,2,0,0
1669,3,0,0
1670,7,0,0
1671,4,0,0
1672,14,0,0
1673,18,25,0
1674,3,0,0
1675,18,25,0
1676,2,0,0
1677,3,0,0
1678,2,0,0
1679,23,0,0
1680,20,0,0
1681,4,21,0
1682,23,11,0
1683,23,0,0
1684,14,0,0
1685,7,0,0
1686,26,0,0
1687,14,0,0
1688,23,11,0
1689,16,0,0
1690,14,0,0
1691,16,0,0
1692,4,11,0
1693,4,0,0
1694,14,0,0
1695,2,0,0
1696,4,0,0
1697,4,11,0
1698,3,0,0
1699,22,0,0
1700,6,0,0
1701,15,20,0
1702,3,0,0
1703,6,0,0
1704,19,0,0
1705,20,8,0
1706,3,0,0
1707,18,0,0
1708,14,0,0
1709,4,0,0
1710,4,11,0
1711,4,21,0
1712,6,0,0
1713,4,0,0
1714,23,0,0
1715,22,0,0
1716,23,21,0
1717,6,0,0
1718,26,10,0
1719,1,0,0
1720,1,0,0
1721,28,0,0
1722,32,0,0
1723,14,0,0
1724,14,0,0
1725,4,11,0
1726,18,15,0
1727,4,0,0
1728,3,0,0
1729,18,15,0
1730,4,0,0
1731,4,0,0
1732,19,0,0
1733,34,0,0
1734,4,0,0
1735,15,16,0
1736,6,0,0
1737,18,25,0
1738,23,0,0
1739,22,0,0
1740,4,21,0
1741,16,0,0
1742,18,25,0
1743,4,0,0
1744,15,7,0
1745,23,0,0
1746,34,0,0
1747,3,0,0
1748,18,0,0
1749,3,0,0
1750,43,0,0
1751,2,0,0
1752,23,0,0
1753,23,0,0
1754,6,0,0
1755,18,0,0
1756,4,0,0
1757,1,0,0
1758,6,0,0
1759,15,16,0
1760,6,0,0
1761,4,0,0
1762,23,0,0
1763,4,0,0
1764,8,9,0
1765,6,0,0
1766,26,0,0
1767,23,0,0
1768,7,0,0
1769,12,0,0
1770,12,0,0
1771,26,0,0
1772,3,0,0
1773,5,0,0
1774,3,15,0
1775,20,0,0
1776,30,0,0
1777,18,0,0
1778,4,0,0
1779,4,11,0
1780,23,0,0
1781,4,0,0
1782,23,10,0
1783,16,0,0
1784,6,0,0
1785,20,0,0
1786,6,0,0
1787,16,0,0
1788,3,0,0
1789,18,15,0
1790,4,11,0
1791,14,0,0
1792,4,0,0
1793,34,0,0
1794,4,0,0
1795,6,0,0
1796,23,0,0
1797,4,0,0
1798,6,0,0
1799,4,21,0
1800,5,0,0
1801,4,0,0
1802,16,0,0
1803,20,0,0
1804,40,0,0
1805,3,0,0
1806,16,0,0
1807,18,15,0
1808,4,11,0
1809,2,0,0
1810,4,0,0
1811,4,11,0
1812,7,0,0
1813,3,0,0
1814,4,0,0
1815,6,0,0
1816,7,0,0
1817,3,0,0
1818,34,0,0
1819,4,11,0
1820,4,21,0
1821,28,0,0
1822,33,0,0
1823,7,0,0
1824,3,0,0
1825,18,0,0
1826,3,0,0
1827,4,21,0
1828,4,0,0
1829,23,0,0
1830,33,0,0
1831,23,0,0
1832,1,0,0
1833,7,0,0
1834,7,0,0
1835,9,0,0
1836,4,0,0
1837,3,15,0
1838,34,0,0
1839,41,9,0
1840,1,0,0
1841,22,0,0
1842,18,15,0
1843,2,0,0
1844,2,0,0
1845,23,11,0
1846,6,0,0
1847,4,0,0
1848,22,0,0
1849,4,0,0
1850,3,15,0
1851,26,10,0
1852,3,0,0
1853,3,0,0
1854,1,0,0
1855,9,0,0
1856,18,0,0
1857,4,0,0
1858,32,0,0
1859,3,0,0
1860,18,0,0
1861,4,0,0
1862,2,0,0
1863,42,0,0
1864,3,0,0
1865,18,15,0
1866,4,0,0
1867,3,0,0
1868,2,0,0
1869,6,0,0
1870,22,0,0
1871,4,0,0
1872,23,10,0
1873,34,0,0
1874,7,0,0
1875,28,0,0
1876,23,0,0
1877,18,0,0
1878,26,0,0
1879,4,0,0
1880,4,21,0
1881,1,0,0
1882,23,21,0
1883,4,11,0
1884,7,0,0
1885,27,0,0
1886,18,15,0
1887,17,0,0
1888,19,0,0
1889,34,0,0
1890,18,15,0
1891,3,0,0
1892,4,0,0
1893,4,21,0
1894,8,9,0
1895,33,0,0
1896,40,0,0
1897,2,0,0
1898,4,0,0
1899,30,0,0
1900,23,0,0
1901,2,0,0
1902,18,0,0
1903,4,0,0
1904,23,10,0
1905,23,0,0
1906,4,0,0
1907,34,0,0
1908,15,16,0
1909,23,0,0
1910,6,0,0
1911,18,0,0
1912,3,0,0
1913,4,11,0
1914,1,0,0
1915,6,0,0
1916,4,21,0
1917,7,0,0
1918,18,0,0
1919,4,0,0
1920,12,0,0
1921,4,0,0
1922,20,8,0
1923,18,0,0
1924,18,15,0
1925,4,11,0
1926,4,11,0
1927,4,21,0
1928,4,21,0
1929,5,0,0
1930,4,11,0
1931,2,0,0
1932,4,0,0
1933,4,0,0
1934,4,0,0
1935,4,11,0
1936,28,0,0
1937,18,25,0
1938,6,0,0
1939,34,0,0
1940,44,4,0
1941,32,0,0
1942,4,11,0
1943,18,0,0
1944,3,0,0
1945,2,0,0
1946,4,0,0
1947,27,0,0
1948,16,0,0
1949,27,0,0
1950,4,11,0
1951,16,0,0
1952,3,0,0
1953,14,0,0
1954,4,11,0
1955,6,0,0
1956,1,0,0
1957,3,15,0
1958,23,21,0
1959,14,0,0
1960,15,20,0
1961,40,0,0
1962,1,0,0
1963,3,0,0
1964,4,0,0
1965,23,11,0
1966,15,16,0
1967,3,0,0
1968,41,19,8
1969,32,0,0
1970,31,0,0
1971,28,0,0
1972,30,0,0
1973,28,0,0
1974,4,21,0
1975,27,0,0
1976,2,0,0
1977,9,0,0
1978,3,0,0
1979,3,0,0
1980,12,0,0
1981,3,0,0
1982,1,0,0
1983,4,0,0
1984,14,0,0
1985,4,21,0
1986,15,9,0
1987,18,0,0
1988,2,0,0
1989,4,0,0
1990,42,0,0
1991,23,21,0
1992,6,0,0
1993,12,0,0
1994,34,0,0
1995,12,0,0
1996,1,0,0
1997,23,21,0
1998,3,0,0
1999,26,0,0
2000,4,21,0
2001,18,0,0
2002,4,0,0
2003,33,0,0
2004,9,0,0
2005,6,0,0
2006,2,0,0
2007,4,21,0
2008,2,0,0
2009,30,0,0
2010,20,0,0
2011,3,0,0
2012,4,0,0
2013,16,0,0
2014,18,25,0
2015,3,0,0
2016,17,0,0
2017,4,0,0
2018,22,0,0
2019,4,0,0
2020,4,11,0
2021,10,16,0
2022,23,0,0
2023,3,0,0
2024,2,0,0
2025,4,0,0
2026,4,11,0
2027,18,25,0
2028,4,0,0
2029,34,0,0
2030,4,0,0
2031,2,0,0
2032,3,0,0
2033,6,0,0
2034,9,0,0
2035,2,0,0
2036,3,0,0
2037,17,0,0
2038,13,0,0
2039,4,11,0
2040,31,0,0
2041,18,0,0
2042,17,0,0
2043,36,0,0
2044,10,16,0
2045,18,0,0
2046,4,0,0
2047,4,11,0
2048,18,0,0
2049,23,0,0
2050,23,0,0
2051,19,8,0
2052,4,11,0
2053,2,0,0
2054,4,21,0
2055,26,0,0
2056,23,11,0
2057,27,0,0
2058,6,0,0
2059,1,0,0
2060,7,0,0
2061,4,11,0
2062,3,0,0
2063,16,0,0
2064,1,0,0
2065,30,25,0
2066,3,0,0
2067,2,0,0
2068,4,0,0
2069,7,0,0
2070,4,0,0
2071,9,0,0
2072,39,0,0
2073,4,0,0
2074,18,0,0
2075,28,0,0
2076,40,0,0
2077,26,0,0
2078,2,0,0
2079,16,0,0
2080,3,15,0
2081,3,0,0
2082,23,0,0
2083,22,0,0
2084,26,0,0
2085,34,0,0
2086,2,0,0
2087,4,11,0
2088,2,0,0
2089,1,0,0
2090,4,0,0
2091,32,0,0
2092,19,8,0
2093,1,0,0
2094,14,0,0
2095,4,21,0
2096,27,0,0
2097,2,0,0
2098,14,0,0
2099,2,0,0
2100,15,16,0
2101,4,0,0
2102,19,0,0
2103,4,21,0
2104,3,0,0
2105,18,25,0
2106,7,0,0
2107,18,0,0
2108,3,0,0
2109,4,21,0
2110,30,0,0
2111,18,0,0
2112,12,15,0
2113,28,0,0
2114,26,10,0
2115,18,15,0
2116,18,15,0
2117,3,0,0
2118,15,16,0
2119,18,0,0
2120,23,11,0
2121,13,0,0
2122,4,11,0
2123,19,0,0
2124,4,11,0
2125,31,0,0
2126,7,0,0
2127,3,0,0
2128,4,11,0
2129,40,0,0
2130,18,25,0
2131,6,0,0
2132,1,0,0
2133,3,0,0
2134,26,0,0
2135,18,15,0
2136,7,0,0
2137,4,11,0
2138,18,0,0
2139,18,25,0
2140,12,0,0
2141,14,0,0
2142,18,25,0
2143,1,0,0
2144,32,0,0
2145,6,0,0
2146,2,0,0
2147,5,0,0
2148,4,11,0
2149,3,0,0
2150,6,0,0
2151,4,0,0
2152,28,0,0
2153,4,0,0
2154,8,16,0
2155,32,0,0
2156,14,0,0
2157,18,15,0
2158,15,16,0
2159,3,0,0
2160,23,0,0
2161,4,21,0
2162,7,0,0
2163,35,0,0
2164,7,0,0
2165,18,0,0
2166,4,0,0
2167,4,0,0
2168,2,0,0
2169,4,0,0
2170,26,0,0
2171,28,0,0
2172,23,0,0
2173,23,0,0
2174,2,0,0
2175,7,0,0
2176,4,2,0
2177,4,11,0
2178,28,0,0
2179,3,0,0
2180,18,15,0
2181,1,0,0
2182,6,0,0
2183,4,11,0
2184,3,0,0
2185,3,0,0
2186,7,0,0
2187,4,21,0
2188,4,0,0
2189,37,0,0
2190,28,0,0
2191,12,0,0
2192,4,0,0
2193,26,0,0
2194,14,0,0
2195,4,0,0
2196,2,0,0
2197,3,0,0
2198,14,0,0
2199,18,15,0
2200,4,21,0
2201,14,0,0
2202,9,0,0
2203,12,0,0
2204,4,21,0
2205,2,0,0
2206,6,0,0
2207,2,0,0
2208,20,0,0
2209,15,16,0
2210,23,21,0
2211,28,0,0
2212,7,0,0
2213,3,0,0
2214,12,0,0
2215,3,15,0
2216,14,0,0
2217,7,0,0
2218,7,0,0
2219,4,0,0
2220,37,0,0
2221,18,0,0
2222,3,0,0
2223,4,0,0
2224,18,0,0
2225,7,0,0
2226,34,0,0
2227,23,21,0
2228,4,0,0
2229,26,0,0
2230,23,0,0
2231,6,0,0
2232,6,0,0
2233,10,6,0
2234,18,0,0
2235,7,0,0
2236,18,0,0
2237,4,0,0
2238,4,0,0
2239,4,21,0
2240,14,0,0
2241,28,0,0
2242,12,0,0
2243,1,0,0
2244,4,11,0
2245,13,0,0
2246,7,0,0
2247,27,0,0
2248,23,0,0
2249,3,0,0
2250,2,0,0
2251,26,0,0
2252,3,0,0
2253,2,0,0
2254,14,0,0
2255,34,0,0
2256,4,0,0
2257,6,0,0
2258,30,0,0
2259,18,0,0
2260,4,0,0
2261,2,0,0
2262,4,0,0
2263,22,0,0
2264,4,0,0
2265,13,0,0
2266,4,0,0
2267,37,0,0
2268,6,0,0
2269,4,0,0
2270,12,0,0
2271,33,0,0
2272,37,0,0
2273,4,0,0
2274,4,0,0
2275,1,0,0
2276,4,21,0
2277,2,0,0
2278,6,0,0
2279,2,0,0
2280,27,0,0
2281,31,0,0
2282,18,15,0
2283,27,0,0
2284,26,0,0
2285,4,21,0
2286,4,0,0
2287,4,0,0
2288,1,0,0
2289,27,0,0
2290,18,0,0
2291,20,0,0
2292,2,0,0
2293,7,0,0
2294,20,8,0
2295,22,0,0
2296,18,0,0
2297,4,0,0
2298,18,0,0
2299,7,0,0
2300,14,0,0
2301,7,0,0
2302,38,0,0
2303,6,0,0
2304,4,11,0
2305,4,21,0
2306,3,15,0
2307,23,21,0
2308,3,0,0
2309,29,0,0
2310,3,0,0
2311,14,0,0
2312,3,0,0
2313,4,21,0
2314,2,0,0
2315,1,0,0
2316,1,0,0
2317,6,0,0
2318,7,0,0
2319,3,0,0
2320,1,0,0
2321,2,0,0
2322,3,0,0
2323,4,21,0
2324,4,0,0
2325,26,0,0
2326,26,0,0
2327,23,11,0
2328,7,0,0
2329,17,0,0
2330,4,11,0
2331,4,0,0
2332,6,0,0
2333,5,0,0
2334,4,0,0
2335,12,0,0
2336,20,24,0
2337,3,0,0
2338,4,0,0
2339,4,0,0
2340,30,0,0
2341,30,25,0
2342,4,0,0
2343,27,0,0
2344,4,0,0
2345,3,0,0
2346,23,11,0
2347,3,0,0
2348,15,16,0
2349,4,0,0
2350,4,0,0
2351,3,0,0
2352,13,0,0
2353,15,16,0
2354,4,11,0
2355,4,0,0
2356,18,15,0
2357,32,0,0
2358,23,0,0
2359,1,0,0
2360,3,0,0
2361,4,0,0
2362,4,0,0
2363,4,0,0
2364,3,0,0
2365,2,0,0
2366,15,7,0
2367,34,0,0
2368,3,0,0
2369,26,10,0
2370,12,0,0
2371,3,0,0
2372,4,11,0
2373,3,0,0
2374,3,0,0
2375,2,0,0
2376,6,0,0
2377,23,11,0
2378,2,0,0
2379,32,15,0
2380,18,0,0
2381,7,0,0
2382,1,0,0
2383,28,0,0
2384,3,0,0
2385,3,0,0
2386,4,11,0
2387,17,0,0
2388,16,0,0
2389,18,0,0
2390,4,0,0
2391,34,0,0
2392,7,0,0
2393,4,0,0
2394,4,11,0
2395,22,0,0
2396,3,0,0
2397,4,11,0
2398,18,15,0
2399,6,0,0
2400,16,0,0
2401,3,15,0
2402,1,0,0
2403,6,0,0
2404,2,0,0
2405,15,7,0
2406,1,0,0
2407,4,0,0
2408,22,0,0
2409,18,15,0
2410,6,0,0
2411,4,21,0
2412,4,0,0
2413,35,0,0
2414,28,0,0
2415,6,0,0
2416,14,0,0
2417,7,0,0
2418,38,0,0
2419,4,21,0
2420,9,0,0
2421,4,0,0
2422,3,0,0
2423,4,0,0
2424,20,0,0
2425,18,15,0
2426,20,8,0
2427,23,11,0
2428,6,0,0
2429,4,0,0
2430,34,0,0
2431,20,8,0
2432,2,0,0
2433,40,0,0
2434,4,0,0
2435,7,0,0
2436,6,0,0
2437,3,0,0
2438,3,15,0
2439,34,0,0
2440,18,0,0
2441,30,0,0
2442,6,0,0
2443,3,0,0
2444,4,0,0
2445,26,0,0
2446,2,0,0
2447,4,21,0
2448,4,21,0
2449,23,0,0
2450,29,0,0
2451,7,0,0
2452,14,0,0
2453,23,0,0
2454,10,28,0
2455,23,0,0
2456,15,16,0
2457,16,0,0
2458,42,0,0
2459,27,0,0
2460,20,0,0
2461,23,10,0
2462,7,0,0
2463,18,25,0
2464,12,0,0
2465,23,11,0
2466,3,0,0
2467,4,0,0
2468,22,0,0
2469,17,0,0
2470,14,0,0
2471,1,0,0
2472,4,0,0
2473,7,0,0
2474,17,0,0
2475,17,0,0
2476,7,0,0
2477,1,0,0
2478,4,0,0
2479,27,0,0
2480,3,0,0
2481,4,0,0
2482,18,15,0
2483,3,0,0
2484,1,0,0
2485,4,0,0
2486,3,0,0
2487,3,0,0
2488,14,0,0
2489,3,15,0
2490,9,0,0
2491,28,0,0
2492,12,0,0
2493,28,0,0
2494,28,0,0
2495,6,0,0
2496,3,15,0
2497,15,16,0
2498,22,0,0
2499,6,0,0
2500,4,11,0
2501,4,11,0
2502,6,0,0
2503,6,0,0
2504,1,0,0
2505,6,0,0
2506,3,0,0
2507,22,0,0
2508,23,0,0
2509,8,9,0
2510,27,0,0
2511,6,0,0
2512,31,0,0
2513,22,0,0
2514,4,0,0
2515,1,0,0
2516,4,21,0
2517,4,0,0
2518,18,15,0
2519,4,0,0
2520,3,0,0
2521,23,11,0
2522,32,0,0
2523,1,0,0
2524,23,0,0
2525,26,0,0
2526,23,10,0
2527,3,0,0
2528,1,0,0
2529,30,0,0
2530,42,0,0
2531,4,21,0
2532,2,0,0
2533,40,0,0
2534,4,0,0
2535,6,0,0
2536,23,21,0
2537,4,0,0
2538,5,0,0
2539,4,0,0
2540,4,0,0
2541,4,0,0
2542,18,0,0
2543,10,38,0
2544,14,0,0
2545,6,0,0
2546,32,0,0
2547,26,0,0
2548,3,0,0
2549,12,0,0
2550,6,0,0
2551,4,0,0
2552,2,0,0
2553,1,0,0
2554,2,0,0
2555,16,0,0
2556,4,21,0
2557,4,11,0
2558,3,0,0
2559,4,21,0
2560,4,0,0
2561,22,0,0
2562,18,0,0
2563,1,0,0
2564,2,0,0
2565,37,0,0
2566,4,21,0
2567,4,0,0
2568,6,0,0
2569,4,0,0
2570,3,0,0
2571,30,0,0
2572,12,0,0
2573,23,0,0
2574,16,0,0
2575,2,0,0
2576,4,11,0
2577,31,0,0
2578,3,0,0
2579,2,0,0
2580,23,10,0
2581,2,0,0
2582,23,0,0
2583,14,0,0
2584,6,0,0
2585,6,0,0
2586,4,11,0
2587,7,0,0
2588,3,0,0
2589,3,0,0
2590,17,0,0
2591,26,10,0
2592,17,0,0
2593,6,0,0
2594,7,0,0
2595,4,11,0
2596,6,0,0
2597,7,0,0
2598,7,0,0
2599,6,0,0
2600,33,0,0
2601,14,0,0
2602,6,0,0
2603,7,0,0
2604,4,21,0
2605,10,6,0
2606,6,0,0
2607,18,41,25
2608,35,0,0
2609,4,0,0
2610,6,0,0
2611,8,16,0
2612,7,0,0
2613,2,0,0
2614,4,0,0
2615,19,8,0
2616,6,0,0
2617,3,0,0
2618,14,0,0
2619,15,7,0
2620,32,0,0
2621,6,0,0
2622,4,0,0
2623,1,0,0
2624,4,0,0
2625,2,0,0
2626,4,11,0
2627,28,0,0
2628,38,0,0
2629,4,11,0
2630,1,0,0
2631,4,0,0
2632,4,0,0
2633,13,0,0
2634,3,0,0
2635,36,0,0
2636,15,16,0
2637,2,0,0
2638,6,0,0
2639,7,0,0
2640,18,0,0
2641,4,0,0
2642,7,0,0
2643,4,11,0
2644,23,0,0
2645,3,15,0
2646,6,0,0
2647,18,0,0
2648,31,0,0
2649,4,0,0
2650,5,0,0
2651,4,0,0
2652,15,8,9
2653,18,0,0
2654,8,16,0
2655,17,0,0
2656,22,0,0
2657,27,0,0
2658,4,11,0
2659,22,0,0
2660,4,0,0
2661,4,11,0
2662,23,0,0
2663,37,0,0
2664,1,0,0
2665,12,0,0
2666,23,0,0
2667,4,0,0
2668,2,0,0
2669,16,0,0
2670,4,11,0
2671,4,0,0
2672,18,15,0
2673,4,0,0
2674,3,0,0
2675,20,24,0
2676,18,0,0
2677,23,0,0
2678,4,0,0
2679,22,0,0
2680,16,0,0
2681,6,0,0
2682,4,11,0
2683,23,21,0
2684,18,0,0
2685,4,21,0
2686,2,0,0
2687,27,0,0
2688,4,21,0
2689,12,0,0
2690,20,41,0
2691,18,15,0
2692,2,0,0
2693,23,21,0
2694,4,21,0
2695,17,0,0
2696,4,0,0
2697,23,0,0
2698,23,21,0
2699,23,0,0
2700,2,0,0
2701,23,11,0
2702,6,0,0
2703,4,0,0
2704,9,0,0
2705,6,0,0
2706,34,0,0
2707,4,11,0
2708,6,0,0
2709,35,0,0
2710,30,0,0
2711,4,0,0
2712,1,0,0
2713,14,0,0
2714,18,15,0
2715,22,0,0
2716,7,0,0
2717,4,0,0
2718,18,0,0
2719,6,0,0
2720,18,0,0
2721,15,16,0
2722,2,0,0
2723,28,0,0
2724,1,0,0
2725,2,0,0
2726,3,0,0
2727,7,0,0
2728,12,0,0
2729,4,0,0
2730,28,0,0
2731,7,0,0
2732,14,0,0
2733,18,15,0
2734,7,0,0
2735,27,0,0
2736,12,0,0
2737,4,0,0
2738,14,0,0
2739,4,11,0
2740,18,15,0
2741,3,0,0
2742,18,15,0
2743,4,11,0
2744,4,0,0
2745,18,0,0
2746,18,0,0
2747,23,10,0
2748,2,0,0
2749,26,0,0
2750,22,0,0
2751,4,11,0
2752,1,0,0
2753,3,0,0
2754,1,0,0
2755,27,0,0
2756,7,0,0
2757,18,0,0
2758,7,0,0
2759,33,0,0
2760,20,8,0
2761,15,9,0
2762,28,0,0
2763,3,15,0
2764,35,0,0
2765,5,0,0
2766,4,21,0
2767,4,21,0
2768,2,0,0
2769,7,0,0
2770,18,0,0
2771,3,15,0
2772,4,0,0
2773,7,0,0
2774,18,25,0
2775,23,0,0
2776,23,0,0
2777,17,0,0
2778,3,0,0
2779,4,0,0
2780,34,0,0
2781,6,0,0
2782,4,0,0
2783,18,41,0
2784,3,0,0
2785,4,0,0
2786,27,0,0
2787,26,0,0
2788,23,0,0
2789,26,0,0
2790,4,0,0
2791,29,0,0
2792,3,15,0
2793,14,0,0
2794,4,11,0
2795,4,11,0
2796,18,0,0
2797,6,0,0
2798,38,0,0
2799,2,0,0
2800,26,0,0
2801,38,0,0
2802,6,0,0
2803,23,10,0
2804,7,0,0
2805,6,0,0
2806,32,0,0
2807,1,0,0
2808,18,0,0
2809,23,0,0
2810,3,0,0
2811,18,0,0
2812,26,10,0
2813,4,21,0
2814,13,0,0
2815,23,0,0
2816,3,0,0
2817,4,0,0
2818,3,0,0
2819,30,0,0
2820,4,0,0
2821,30,0,0
2822,26,0,0
2823,2,0,0
2824,18,0,0
2825,26,10,0
2826,2,0,0
2827,1,0,0
2828,7,0,0
2829,3,0,0
2830,26,0,0
2831,14,0,0
2832,16,0,0
2833,32,15,0
2834,37,0,0
2835,6,0,0
2836,3,0,0
2837,42,0,0
2838,4,0,0
2839,26,0,0
2840,18,25,0
2841,23,0,0
2842,3,0,0
2843,18,41,0
2844,1,0,0
2845,4,11,0
2846,18,25,0
2847,28,0,0
2848,18,0,0
2849,3,0,0
2850,6,0,0
2851,39,0,0
2852,8,9,0
2853,1,0,0
2854,4,21,0
2855,12,0,0
2856,1,0,0
2857,2,0,0
2858,8,9,0
2859,1,0,0
2860,4,0,0
2861,42,0,0
2862,4,0,0
2863,3,0,0
2864,3,0,0
2865,23,0,0
2866,4,0,0
2867,4,11,0
2868,14,0,0
2869,3,0,0
2870,4,21,0
2871,4,0,0
2872,32,0,0
2873,7,0,0
2874,3,0,0
2875,4,0,0
2876,16,0,0
2877,18,15,0
2878,18,0,0
2879,23,0,0
2880,4,0,0
2881,18,0,0
2882,23,11,0
2883,3,15,0
2884,43,0,0
2885,4,21,0
2886,4,0,0
2887,23,0,0
2888,40,0,0
2889,28,0,0
2890,26,0,0
2891,2,0,0
2892,3,0,0
2893,2,0,0
2894,30,25,0
2895,16,0,0
2896,4,11,0
2897,7,0,0
2898,23,0,0
2899,4,21,0
2900,10,38,0
2901,3,0,0
2902,20,0,0
2903,7,0,0
2904,4,0,0
2905,34,0,0
2906,14,0,0
2907,3,0,0
2908,3,0,0
2909,18,0,0
2910,4,0,0
2911,18,15,0
2912,22,0,0
2913,23,0,0
2914,4,21,0
2915,18,0,0
2916,4,0,0
2917,7,0,0
2918,4,0,0
2919,7,0,0
2920,18,0,0
2921,4,0,0
2922,12,0,0
2923,2,0,0
2924,28,0,0
2925,1,0,0
2926,6,0,0
2927,4,0,0
2928,18,0,0
2929,2,0,0
2930,15,30,25
2931,7,0,0
2932,27,0,0
2933,23,11,0
2934,26,0,0
2935,6,0,0
2936,22,0,0
2937,42,0,0
2938,34,0,0
2939,7,0,0
2940,26,10,0
2941,4,0,0
2942,9,0,0
2943,26,10,0
2944,4,21,0
2945,4,11,0
2946,3,0,0
2947,7,0,0
2948,26,10,0
2949,4,0,0
2950,35,0,0
2951,1,0,0
2952,12,0,0
2953,3,0,0
2954,18,0,0
2955,23,21,0
2956,27,0,0
2957,4,0,0
2958,7,0,0
2959,28,0,0
2960,4,0,0
2961,7,0,0
2962,23,0,0
2963,40,0,0
2964,20,8,0
2965,1,0,0
2966,6,0,0
2967,15,7,0
2968,42,0,0
2969,4,0,0
2970,20,8,0
2971,18,0,0
2972,4,11,0
2973,23,0,0
2974,3,0,0
2975,12,0,0
2976,3,0,0
2977,16,0,0
2978,4,0,0
2979,15,7,0
2980,23,10,0
2981,6,0,0
2982,2,0,0
2983,3,0,0
2984,17,0,0
2985,28,0,0
2986,30,25,0
2987,14,0,0
2988,23,0,0
2989,4,11,0
2990,4,21,0
2991,2,0,0
2992,30,0,0
2993,7,0,0
2994,1,0,0
2995,23,10,0
2996,4,0,0
2997,4,21,0
2998,18,0,0
2999,4,0,0
3000,15,7,0
3001,3,0,0
3002,4,0,0
3003,22,0,0
3004,6,0,0
3005,2,0,0
3006,26,0,0
3007,4,0,0
3008,12,0,0
3009,1,0,0
3010,34,0,0
3011,18,15,0
3012,12,0,0
3013,3,0,0
3014,2,0,0
3015,4,11,0
3016,18,15,25
3017,7,0,0
3018,6,0,0
3019,2,0,0
3020,6,0,0
3021,12,0,0
3022,14,0,0
3023,38,0,0
3024,2,0,0
3025,7,0,0
3026,18,41,25
3027,23,10,0
3028,34,0,0
3029,4,21,0
3030,18,0,0
3031,23,21,0
3032,4,21,0
3033,9,0,0
3034,6,0,0
3035,23,11,0
3036,40,0,0
3037,14,0,0
3038,4,11,0
3039,4,11,0
3040,14,0,0
3041,4,21,0
3042,18,0,0
3043,6,0,0
3044,23,10,0
3045,3,0,0
3046,4,21,0
3047,18,25,0
3048,20,0,0
3049,23,21,0
3050,4,11,0
3051,4,11,0
3052,2,0,0
3053,18,15,0
3054,6,0,0
3055,4,0,0
3056,28,0,0
3057,9,0,0
3058,3,0,0
3059,3,0,0
3060,4,0,0
3061,2,0,0
3062,4,21,0
3063,15,20,0
3064,18,15,0
3065,3,0,0
3066,18,0,0
3067,39,0,0
3068,23,0,0
3069,22,0,0
3070,23,0,0
3071,3,0,0
3072,43,0,0
3073,12,0,0
3074,16,0,0
3075,28,0,0
3076,23,0,0
3077,27,0,0
3078,18,15,0
3079,3,0,0
3080,18,0,0
3081,18,0,0
3082,14,0,0
3083,4,0,0
3084,23,11,0
3085,2,0,0
3086,4,21,0
3087,4,11,0
3088,14,0,0
3089,4,11,0
3090,12,0,0
3091,28,0,0
3092,18,0,0
3093,23,0,0
3094,3,0,0
3095,22,0,0
3096,26,0,0
3097,23,0,0
3098,27,0,0
3099,4,0,0
3100,20,0,0
3101,4,11,0
3102,23,0,0
3103,26,0,0
3104,7,0,0
3105,22,0,0
3106,23,11,0
3107,3,0,0
3108,23,11,0
3109,33,0,0
3110,26,10,0
3111,2,0,0
3112,3,0,0
3113,18,0,0
3114,1,0,0
3115,30,0,0
3116,22,0,0
3117,18,0,0
3118,9,0,0
3119,4,21,0
3120,18,0,0
3121,9,0,0
3122,28,0,0
3123,12,0,0
3124,16,0,0
3125,3,0,0
3126,7,0,0
3127,3,0,0
3128,12,0,0
3129,19,0,0
3130,4,21,0
3131,3,0,0
3132,3,0,0
3133,2,0,0
3134,4,21,0
3135,4,0,0
3136,1,0,0
3137,22,0,0
3138,27,0,0
3139,22,0,0
3140,9,0,0
3141,14,0,0
3142,28,0,0
3143,4,11,0
3144,23,0,0
3145,34,24,0
3146,44,4,0
3147,18,0,0
3148,15,7,0
3149,1,0,0
3150,4,0,0
3151,27,0,0
3152,4,0,0
3153,17,0,0
3154,26,0,0
3155,4,0,0
3156,3,0,0
3157,43,0,0
3158,28,0,0
3159,16,0,0
3160,18,0,0
3161,3,0,0
3162,37,0,0
3163,27,0,0
3164,33,0,0
3165,15,30,25
3166,14,0,0
3167,2,0,0
3168,4,0,0
3169,3,0,0
3170,2,0,0
3171,18,25,0
3172,41,13,0
3173,2,0,0
3174,2,0,0
3175,23,0,0
3176,2,0,0
3177,4,21,0
3178,12,0,0
3179,30,0,0
3180,4,0,0
3181,18,0,0
3182,16,0,0
3183,18,0,0
3184,32,10,0
3185,2,0,0
3186,23,0,0
3187,23,0,0
3188,22,0,0
3189,27,0,0
3190,9,0,0
3191,16,0,0
3192,4,0,0
3193,12,0,0
3194,23,0,0
3195,1,0,0
3196,18,0,0
3197,26,0,0
3198,17,0,0
3199,1,0,0
3200,7,0,0
3201,4,0,0
3202,23,0,0
3203,28,0,0
3204,6,0,0
3205,26,0,0
3206,18,25,0
3207,27,0,0
3208,2,0,0
3209,31,0,0
3210,29,0,0
3211,40,0,0
3212,3,0,0
3213,4,0,0
3214,7,0,0
3215,12,0,0
3216,4,0,0
3217,27,0,0
3218,22,0,0
3219,7,0,0
3220,4,11,0
3221,4,0,0
3222,2,0,0
3223,7,0,0
3224,26,0,0
3225,4,11,0
3226,3,15,0
3227,3,15,0
3228,16,0,0
3229,4,0,0
3230,1,0,0
3231,23,0,0
3232,30,25,0
3233,1,0,0
3234,6,0,0
3235,18,15,0
3236,18,0,0
3237,1,0,0
3238,2,0,0
3239,18,25,0
3240,28,0,0
3241,43,0,0
3242,22,0,0
3243,32,0,0
3244,7,0,0
3245,4,11,0
3246,2,0,0
3247,18,0,0
3248,4,11,0
3249,23,0,0
3250,3,0,0
3251,17,0,0
3252,18,25,0
3253,3,0,0
3254,4,21,0
3255,18,0,0
3256,26,0,0
3257,4,0,0
3258,32,0,0
3259,2,0,0
3260,22,0,0
3261,18,15,0
3262,14,0,0
3263,4,11,0
3264,23,11,0
3265,14,0,0
3266,18,15,0
3267,2,0,0
3268,18,0,0
3269,4,21,0
3270,2,0,0
3271,2,0,0
3272,36,0,0
3273,9,0,0
3274,4,11,0
3275,23,10,0
3276,3,0,0
3277,23,11,0
3278,23,10,0
3279,4,11,0
3280,20,0,0
3281,4,11,0
3282,17,0,0
3283,23,10,0
3284,23,0,0
3285,18,0,0
3286,18,0,0
3287,7,0,0
3288,3,0,0
3289,26,0,0
3290,4,0,0
3291,14,0,0
3292,38,0,0
3293,1,0,0
3294,4,0,0
3295,2,0,0
3296,26,0,0
3297,7,0,0
3298,37,0,0
3299,34,0,0
3300,18,0,0
3301,2,0,0
3302,4,0,0
3303,36,0,0
3304,12,0,0
3305,6,0,0
3306,1,0,0
3307,7,0,0
3308,2,0,0
3309,27,0,0
3310,3,0,0
3311,27,0,0
3312,23,0,0
3313,3,0,0
3314,27,0,0
3315,2,0,0
3316,4,11,0
3317,3,15,0
3318,23,11,0
3319,32,15,0
3320,14,0,0
3321,4,11,0
3322,18,25,0
3323,7,0,0
3324,2,0,0
3325,23,11,0
3326,1,0,0
3327,26,0,0
3328,18,0,0
3329,18,0,0
3330,4,11,0
3331,2,0,0
3332,4,21,0
3333,31,0,0
3334,18,25,0
3335,30,25,0
3336,9,0,0
3337,16,0,0
3338,18,0,0
3339,6,0,0
3340,18,15,0
3341,3,0,0
3342,32,15,0
3343,1,0,0
3344,7,0,0
3345,3,0,0
3346,4,21,0
3347,4,11,0
3348,4,21,0
3349,4,0,0
3350,18,25,0
3351,7,0,0
3352,23,11,0
3353,18,25,0
3354,18,15,0
3355,35,0,0
3356,4,0,0
3357,4,0,0
3358,3,0,0
3359,3,0,0
3360,4,11,0
3361,7,0,0
3362,28,0,0
3363,18,0,0
3364,18,0,0
3365,23,10,0
3366,6,0,0
3367,4,0,0
3368,2,0,0
3369,41,16,0
3370,18,0,0
3371,14,0,0
3372,20,0,0
3373,4,0,0
3374,4,0,0
3375,4,11,0
3376,2,0,0
3377,37,0,0
3378,12,0,0
3379,22,0,0
3380,6,0,0
3381,2,0,0
3382,4,0,0
3383,28,0,0
3384,4,0,0
3385,23,11,0
3386,12,0,0
3387,4,0,0
3388,18,0,0
3389,6,0,0
3390,23,10,0
3391,28,0,0
3392,3,0,0
3393,34,0,0
3394,10,6,0
3395,3,0,0
3396,23,0,0
3397,3,0,0
3398,32,0,0
3399,2,0,0
3400,7,0,0
3401,36,0,0
3402,4,11,0
3403,27,0,0
3404,15,16,0
3405,4,21,0
3406,18,15,0
3407,4,0,0
3408,4,11,0
3409,7,0,0
3410,4,21,0
3411,4,11,0
3412,27,0,0
3413,17,0,0
3414,4,0,0
3415,37,0,0
3416,3,0,0
3417,4,0,0
3418,23,0,0
3419,4,0,0
3420,23,0,0
3421,1,0,0
3422,12,0,0
3423,31,0,0
3424,1,0,0
3425,23,21,0
3426,3,0,0
3427,38,0,0
3428,18,15,0
3429,4,0,0
3430,4,21,0
3431,4,11,0
3432,3,15,0
3433,28,0,0
3434,4,11,0
3435,7,0,0
3436,23,0,0
3437,18,25,0
3438,15,16,0
3439,13,0,0
3440,3,0,0
3441,1,0,0
3442,14,0,0
3443,18,0,0
3444,26,0,0
3445,31,0,0
3446,18,0,0
3447,6,0,0
3448,3,0,0
3449,18,0,0
3450,2,0,0
3451,26,0,0
3452,3,0,0
3453,7,0,0
3454,3,0,0
3455,23,0,0
3456,23,21,0
3457,4,0,0
3458,18,25,0
3459,15,19,0
3460,6,0,0
3461,6,0,0
3462,20,0,0
3463,4,21,0
3464,4,0,0
3465,23,11,0
3466,1,0,0
3467,3,0,0
3468,23,21,0
3469,26,0,0
3470,2,0,0
3471,4,0,0
3472,18,15,0
3473,3,0,0
3474,18,15,0
3475,2,0,0
3476,14,0,0
3477,14,0,0
3478,18,0,0
3479,4,0,0
3480,4,21,0
3481,14,0,0
3482,4,11,0
3483,22,0,0
3484,2,0,0
3485,3,0,0
3486,27,0,0
3487,30,25,0
3488,18,41,25
3489,9,0,0
3490,3,0,0
3491,4,11,0
3492,3,0,0
3493,3,0,0
3494,15,16,0
3495,4,0,0
3496,3,0,0
3497,2,0,0
3498,4,11,0
3499,23,11,0
3500,7,0,0
3501,6,0,0
3502,1,0,0
3503,2,0,0
3504,4,11,0
3505,18,15,0
3506,3,0,0
3507,28,0,0
3508,2,0,0
3509,1,0,0
3510,4,21,0
3511,23,0,0
3512,23,10,0
3513,22,0,0
3514,27,0,0
3515,29,0,0
3516,12,0,0
3517,14,0,0
3518,4,0,0
3519,4,0,0
3520,18,25,0
3521,17,0,0
3522,28,0,0
3523,34,0,0
3524,14,0,0
3525,28,0,0
3526,23,21,0
3527,19,0,0
3528,2,0,0
3529,6,0,0
3530,18,0,0
3531,4,0,0
3532,20,0,0
3533,4,0,0
3534,1,0,0
3535,37,0,0
3536,17,0,0
3537,4,21,0
3538,3,0,0
3539,3,0,0
3540,4,21,0
3541,23,0,0
3542,12,0,0
3543,33,0,0
3544,4,21,0
3545,20,0,0
3546,18,15,0
3547,2,0,0
3548,18,0,0
3549,14,0,0
3550,28,0,0
3551,4,0,0
3552,23,0,0
3553,4,11,0
3554,4,21,0
3555,34,0,0
3556,30,25,0
3557,22,0,0
3558,2,0,0
3559,3,0,0
3560,15,9,0
3561,4,0,0
3562,4,11,0
3563,4,11,0
3564,4,0,0
3565,3,15,0
3566,3,0,0
3567,34,0,0
3568,18,15,0
3569,4,11,0
3570,9,0,0
3571,18,0,0
3572,6,0,0
3573,14,0,0
3574,26,0,0
3575,3,0,0
3576,16,0,0
3577,14,0,0
3578,4,11,0
3579,3,0,0
3580,4,0,0
3581,3,0,0
3582,23,10,0
3583,6,0,0
3584,6,0,0
3585,23,0,0
3586,4,0,0
3587,4,0,0
3588,14,0,0
3589,4,0,0
3590,14,0,0
3591,4,0,0
3592,28,0,0
3593,4,0,0
3594,22,0,0
3595,3,0,0
3596,22,0,0
3597,4,11,0
3598,1,0,0
3599,7,0,0
3600,2,0,0
3601,2,0,0
3602,2,0,0
3603,30,0,0
3604,23,0,0
3605,37,0,0
3606,6,0,0
3607,3,0,0
3608,3,0,0
3609,4,0,0
3610,3,15,0
3611,29,0,0
3612,3,0,0
3613,4,0,0
3614,27,0,0
3615,17,0,0
3616,3,0,0
3617,2,0,0
3618,4,0,0
3619,19,0,0
3620,28,0,0
3621,23,11,0
3622,3,0,0
3623,4,0,0
3624,15,16,0
3625,3,0,0
3626,12,0,0
3627,4,21,0
3628,6,0,0
3629,32,0,0
3630,4,0,0
3631,18,15,0
3632,4,0,0
3633,23,10,0
3634,3,0,0
3635,28,0,0
3636,4,0,0
3637,26,0,0
3638,2,0,0
3639,3,0,0
3640,23,0,0
3641,14,0,0
3642,2,0,0
3643,23,0,0
3644,6,0,0
3645,4,0,0
3646,32,15,0
3647,4,0,0
3648,4,0,0
3649,18,15,0
3650,23,0,0
3651,22,0,0
3652,23,11,0
3653,22,0,0
3654,29,0,0
3655,4,0,0
3656,2,0,0
3657,4,21,0
3658,7,0,0
3659,4,21,0
3660,4,0,0
3661,6,0,0
3662,18,0,0
3663,23,0,0
3664,3,0,0
3665,22,0,0
3666,4,0,0
3667,2,0,0
3668,4,0,0
3669,1,0,0
3670,10,6,0
3671,19,0,0
3672,35,0,0
3673,18,25,0
3674,29,0,0
3675,3,0,0
3676,27,0,0
3677,37,0,0
3678,34,0,0
3679,7,0,0
3680,18,25,0
3681,3,15,0
3682,2,0,0
3683,4,0,0
3684,4,0,0
3685,18,0,0
3686,1,0,0
3687,3,0,0
3688,18,0,0
3689,26,0,0
3690,26,0,0
3691,3,0,0
3692,28,0,0
3693,5,0,0
3694,34,0,0
3695,22,0,0
3696,13,0,0
3697,6,0,0
3698,4,0,0
3699,4,0,0
3700,18,0,0
3701,2,0,0
3702,42,0,0
3703,34,0,0
3704,16,0,0
3705,4,11,0
3706,4,0,0
3707,4,0,0
3708,2,0,0
3709,4,0,0
3710,4,11,0
3711,23,0,0
3712,7,0,0
3713,6,0,0
3714,32,0,0
3715,17,0,0
3716,1,0,0
3717,3,0,0
3718,3,0,0
3719,6,0,0
3720,4,0,0
3721,22,0,0
3722,4,0,0
3723,18,0,0
3724,28,0,0
3725,4,0,0
3726,8,9,0
3727,38,0,0
3728,14,0,0
3729,27,0,0
3730,2,0,0
3731,26,10,0
3732,6,0,0
3733,4,21,0
3734,3,0,0
3735,2,0,0
3736,23,10,0
3737,3,0,0
3738,38,0,0
3739,17,0,0
3740,27,0,0
3741,39,0,0
3742,30,0,0
3743,3,0,0
3744,4,11,0
3745,23,21,0
3746,22,0,0
3747,4,11,0
3748,30,25,0
3749,42,0,0
3750,16,0,0
3751,23,0,0
3752,18,25,0
3753,35,0,0
3754,18,15,0
3755,22,0,0
3756,5,0,0
3757,3,0,0
3758,23,0,0
3759,3,0,0
3760,3,0,0
3761,3,0,0
3762,23,21,0
3763,4,11,0
3764,36,0,0
3765,28,0,0
3766,4,0,0
3767,34,0,0
3768,18,0,0
3769,6,0,0
3770,2,0,0
3771,26,0,0
3772,18,15,0
3773,7,0,0
3774,18,0,0
3775,3,0,0
3776,6,0,0
3777,6,0,0
3778,4,0,0
3779,2,0,0
3780,4,0,0
3781,16,0,0
3782,6,0,0
3783,2,0,0
3784,28,0,0
3785,10,38,0
3786,6,0,0
3787,23,0,0
3788,3,0,0
3789,43,0,0
3790,10,6,0
3791,14,0,0
3792,4,11,0
3793,4,11,0
3794,31,0,0
3795,23,21,0
3796,18,0,0
3797,4,0,0
3798,23,0,0
3799,2,0,0
3800,4,11,0
3801,4,0,0
3802,34,0,0
3803,8,9,0
3804,30,25,0
3805,4,11,0
3806,4,0,0
3807,18,0,0
3808,2,0,0
3809,18,0,0
3810,3,0,0
3811,3,0,0
3812,30,25,0
3813,22,0,0
3814,34,0,0
3815,7,0,0
3816,34,0,0
3817,2,0,0
3818,42,0,0
3819,2,0,0
3820,4,0,0
3821,4,21,0
3822,4,0,0
3823,3,0,0
3824,4,0,0
3825,3,0,0
3826,6,0,0
3827,38,0,0
3828,4,0,0
3829,23,10,0
3830,14,0,0
3831,41,13,0
3832,6,0,0
3833,23,10,0
3834,38,0,0
3835,45,4,0
3836,8,16,0
3837,2,0,0
3838,6,0,0
3839,3,15,0
3840,4,11,0
3841,23,0,0
3842,15,16,0
3843,3,0,0
3844,4,0,0
3845,6,0,0
3846,6,0,0
3847,18,25,0
3848,12,0,0
3849,7,0,0
3850,35,0,0
3851,4,0,0
3852,39,0,0
3853,23,11,0
3854,18,25,0
3855,4,11,0
3856,4,11,0
3857,18,25,0
3858,1,0,0
3859,26,10,0
3860,4,11,0
3861,3,0,0
3862,6,0,0
3863,3,0,0
3864,6,0,0
3865,18,0,0
3866,1,0,0
3867,15,9,0
3868,34,0,0
3869,6,0,0
3870,23,0,0
3871,1,0,0
3872,18,25,0
3873,10,17,0
3874,4,11,0
3875,6,0,0
3876,4,11,0
3877,18,0,0
3878,4,21,0
3879,4,0,0
3880,26,0,0
3881,30,0,0
3882,23,10,0
3883,6,0,0
3884,34,0,0
3885,7,0,0
3886,18,0,0
3887,22,0,0
3888,4,0,0
3889,4,0,0
3890,2,0,0
3891,22,0,0
3892,27,0,0
3893,18,25,0
3894,18,0,0
3895,6,0,0
3896,18,0,0
3897,22,0,0
3898,26,0,0
3899,2,0,0
3900,15,41,16
3901,23,21,0
3902,23,21,0
3903,3,0,0
3904,2,0,0
3905,18,0,0
3906,4,0,0
3907,4,0,0
3908,2,0,0
3909,32,0,0
3910,15,20,0
3911,4,11,0
3912,4,0,0
3913,26,10,0
3914,23,10,0
3915,18,15,0
3916,28,0,0
3917,20,0,0
3918,3,0,0
3919,1,0,0
3920,18,25,0
3921,23,0,0
3922,4,0,0
3923,4,11,0
3924,23,21,0
3925,4,0,0
3926,3,0,0
3927,4,0,0
3928,23,0,0
3929,4,0,0
3930,4,0,0
3931,6,0,0
3932,2,0,0
3933,3,0,0
3934,4,0,0
3935,4,0,0
3936,23,10,0
3937,26,0,0
3938,23,0,0
3939,18,0,0
3940,4,21,0
3941,2,0,0
3942,23,0,0
3943,4,21,0
3944,3,0,0
3945,22,0,0
3946,22,0,0
3947,18,0,0
3948,17,0,0
3949,7,0,0
3950,3,0,0
3951,23,11,0
3952,28,0,0
3953,14,0,0
3954,6,0,0
3955,4,0,0
3956,14,0,0
3957,20,0,0
3958,12,0,0
3959,26,0,0
3960,4,0,0
3961,18,0,0
3962,4,21,0
3963,23,21,0
3964,1,0,0
3965,34,0,0
3966,4,11,0
3967,3,0,0
3968,12,0,0
3969,2,0,0
3970,1,0,0
3971,3,0,0
3972,3,0,0
3973,4,0,0
3974,2,0,0
3975,2,0,0
3976,18,0,0
3977,40,0,0
3978,4,0,0
3979,23,21,0
3980,4,0,0
3981,4,11,0
3982,14,0,0
3983,2,0,0
3984,18,0,0
3985,4,0,0
3986,23,0,0
3987,17,0,0
3988,4,11,0
3989,4,0,0
3990,4,0,0
3991,4,11,0
3992,14,0,0
3993,38,0,0
3994,26,0,0
3995,3,0,0
3996,18,0,0
3997,4,0,0
3998,26,0,0
3999,4,0,0
4000,2,0,0
4001,4,0,0
4002,3,0,0
4003,4,21,0
4004,2,0,0
4005,15,9,0
4006,7,0,0
4007,14,0,0
4008,3,0,0
4009,1,0,0
4010,18,0,0
4011,18,0,0
4012,29,0,0
4013,4,0,0
4014,3,0,0
4015,9,0,0
4016,7,0,0
4017,3,0,0
4018,35,0,0
4019,38,0,0
4020,7,0,0
4021,28,0,0
4022,15,7,0
4023,12,0,0
4024,34,0,0
4025,3,15,0
4026,4,0,0
4027,28,0,0
4028,4,0,0
4029,23,0,0
4030,12,0,0
4031,23,21,0
4032,42,0,0
4033,3,0,0
4034,34,0,0
4035,2,0,0
4036,4,21,0
4037,26,10,0
4038,7,0,0
4039,18,15,0
4040,15,16,0
4041,7,0,0
4042,4,21,0
4043,3,0,0
4044,3,0,0
4045,14,0,0
4046,4,11,0
4047,34,0,0
4048,26,0,0
4049,33,0,0
4050,15,7,0
4051,9,0,0
4052,26,0,0
4053,18,0,0
4054,18,15,0
4055,6,0,0
4056,4,0,0
4057,9,0,0
4058,4,0,0
4059,29,0,0
4060,22,0,0
4061,14,0,0
4062,4,11,0
4063,4,11,0
4064,4,21,0
4065,30,0,0
4066,4,0,0
4067,14,0,0
4068,12,0,0
4069,17,0,0
4070,3,0,0
4071,3,0,0
4072,18,0,0
4073,5,0,0
4074,14,0,0
4075,38,0,0
4076,22,0,0
4077,40,0,0
4078,4,0,0
4079,34,0,0
4080,3,0,0
4081,23,0,0
4082,15,16,0
4083,29,0,0
4084,6,0,0
4085,20,0,0
4086,17,0,0
4087,3,0,0
4088,4,0,0
4089,4,11,0
4090,2,0,0
4091,4,0,0
4092,23,21,0
4093,2,0,0
4094,2,0,0
4095,18,15,0
4096,2,0,0
4097,4,21,0
4098,4,11,0
4099,4,21,0
4100,4,11,0
4101,4,0,0
4102,26,0,0
4103,35,0,0
4104,16,0,0
4105,18,0,0
4106,6,0,0
4107,3,0,0
4108,3,0,0
4109,1,0,0
4110,4,0,0
4111,32,0,0
4112,5,0,0
4113,15,19,0
4114,4,0,0
4115,6,0,0
4116,4,21,0
4117,18,0,0
4118,1,0,0
4119,14,0,0
4120,4,0,0
4121,2,0,0
4122,2,0,0
4123,3,0,0
4124,4,21,0
4125,2,0,0
4126,23,21,0
4127,4,0,0
4128,15,7,0
4129,4,0,0
4130,26,0,0
4131,4,21,0
4132,16,0,0
4133,23,0,0
4134,23,0,0
4135,9,0,0
4136,4,0,0
4137,14,0,0
4138,14,0,0
4139,4,11,0
4140,23,0,0
4141,3,15,0
4142,7,0,0
4143,36,0,0
4144,4,0,0
4145,4,21,0
4146,18,0,0
4147,23,10,0
4148,6,0,0
4149,22,0,0
4150,42,0,0
4151,3,15,0
4152,23,21,0
4153,18,25,0
4154,6,0,0
4155,2,0,0
4156,23,0,0
4157,12,0,0
4158,22,0,0
4159,34,0,0
4160,38,0,0
4161,22,0,0
4162,4,21,0
4163,4,0,0
4164,18,0,0
4165,3,0,0
4166,15,16,0
4167,23,11,0
4168,4,0,0
4169,4,0,0
4170,4,0,0
4171,23,21,0
4172,32,0,0
4173,7,0,0
4174,1,0,0
4175,31,0,0
4176,18,15,0
4177,32,0,0
4178,26,10,0
4179,3,0,0
4180,30,25,0
4181,34,0,0
4182,2,0,0
4183,6,0,0
4184,15,1,0
4185,13,0,0
4186,18,15,0
4187,2,0,0
4188,1,0,0
4189,4,11,0
4190,27,0,0
4191,29,0,0
4192,42,0,0
4193,2,0,0
4194,3,10,0
4195,23,0,0
4196,6,0,0
4197,15,19,0
4198,13,0,0
4199,16,0,0
4200,22,0,0
4201,28,0,0
4202,36,0,0
4203,32,15,0
4204,14,0,0
4205,4,0,0
4206,32,0,0
4207,14,0,0
4208,27,0,0
4209,10,28,0
4210,4,11,0
4211,27,0,0
4212,4,0,0
4213,18,15,0
4214,18,0,0
4215,4,11,0
4216,31,0,0
4217,4,0,0
4218,3,0,0
4219,19,0,0
4220,4,21,0
4221,12,0,0
4222,40,0,0
4223,3,0,0
4224,15,8,16
4225,23,0,0
4226,27,0,0
4227,2,0,0
4228,4,0,0
4229,2,0,0
4230,1,0,0
4231,7,0,0
4232,3,0,0
4233,19,0,0
4234,3,0,0
4235,12,0,0
4236,4,0,0
4237,7,0,0
4238,10,6,0
4239,4,21,0
4240,18,0,0
4241,2,0,0
4242,1,0,0
4243,23,21,0
4244,18,0,0
4245,7,0,0
4246,1,0,0
4247,3,0,0
4248,4,0,0
4249,4,11,0
4250,14,0,0
4251,4,0,0
4252,7,0,0
4253,6,0,0
4254,3,0,0
4255,6,0,0
4256,30,0,0
4257,19,24,0
4258,3,0,0
4259,4,21,0
4260,3,0,0
4261,18,15,0
4262,4,0,0
4263,4,0,0
4264,9,0,0
4265,14,0,0
4266,23,11,0
4267,4,11,0
4268,4,0,0
4269,20,0,0
4270,7,0,0
4271,14,0,0
4272,7,0,0
4273,3,0,0
4274,1,0,0
4275,4,0,0
4276,2,0,0
4277,4,0,0
4278,23,0,0
4279,4,11,0
4280,23,11,0
4281,7,0,0
4282,18,0,0
4283,3,0,0
4284,23,10,0
4285,18,41,25
4286,4,21,0
4287,3,0,0
4288,7,0,0
4289,6,0,0
4290,26,0,0
4291,7,0,0
4292,2,0,0
4293,3,0,0
4294,37,0,0
4295,6,0,0
4296,4,11,0
4297,3,0,0
4298,3,0,0
4299,6,0,0
4300,7,0,0
4301,4,0,0
4302,3,0,0
4303,2,0,0
4304,14,0,0
4305,18,0,0
4306,4,0,0
4307,4,21,0
4308,23,0,0
4309,4,0,0
4310,17,0,0
4311,2,0,0
4312,2,0,0
4313,4,0,0
4314,3,0,0
4315,14,0,0
4316,1,0,0
4317,4,0,0
4318,7,0,0
4319,4,11,0
4320,1,0,0
4321,3,0,0
4322,4,11,0
4323,2,0,0
4324,4,0,0
4325,26,0,0
4326,4,0,0
4327,4,21,0
4328,6,0,0
4329,4,21,0
4330,38,0,0
4331,2,0,0
4332,17,0,0
4333,4,21,0
4334,4,0,0
4335,4,21,0
4336,23,10,0
4337,28,0,0
4338,22,0,0
4339,4,21,0
4340,22,0,0
4341,4,0,0
4342,4,0,0
4343,6,0,0
4344,6,0,0
4345,28,0,0
4346,6,0,0
4347,4,0,0
4348,18,15,0
4349,4,21,0
4350,42,0,0
4351,4,0,0
4352,3,15,0
4353,3,0,0
4354,23,0,0
4355,4,0,0
4356,3,0,0
4357,18,25,0
4358,7,0,0
4359,18,0,0
4360,4,0,0
4361,36,0,0
4362,23,21,0
4363,18,0,0
4364,16,0,0
4365,4,0,0
4366,6,0,0
4367,4,0,0
4368,1,0,0
4369,4,0,0
4370,23,0,0
4371,27,0,0
4372,6,0,0
4373,2,0,0
4374,18,15,0
4375,7,0,0
4376,34,0,0
4377,15,9,0
4378,20,8,0
4379,13,0,0
4380,18,0,0
4381,27,0,0
4382,7,0,0
4383,4,0,0
4384,19,8,24
4385,13,0,0
4386,4,0,0
4387,2,0,0
4388,2,0,0
4389,23,0,0
4390,44,4,0
4391,3,0,0
4392,34,0,0
4393,4,0,0
4394,30,0,0
4395,18,15,0
4396,6,0,0
4397,18,0,0
4398,10,6,0
4399,26,0,0
4400,9,0,0
4401,7,0,0
4402,2,0,0
4403,18,25,0
4404,6,0,0
4405,6,0,0
4406,3,0,0
4407,2,0,0
4408,7,0,0
4409,32,10,0
4410,6,0,0
4411,17,0,0
4412,3,0,0
4413,26,0,0
4414,4,11,0
4415,4,0,0
4416,4,0,0
4417,3,0,0
4418,14,0,0
4419,14,0,0
4420,15,16,0
4421,4,0,0
4422,19,0,0
4423,26,10,0
4424,6,0,0
4425,10,6,0
4426,3,0,0
4427,5,0,0
4428,18,0,0
4429,15,9,0
4430,2,0,0
4431,23,0,0
4432,26,0,0
4433,10,6,0
4434,1,0,0
4435,7,0,0
4436,14,0,0
4437,4,0,0
4438,26,0,0
4439,23,21,0
4440,22,10,0
4441,4,0,0
4442,18,15,0
4443,23,21,0
4444,18,25,0
4445,4,0,0
4446,2,0,0
4447,4,21,0
4448,4,21,0
4449,44,4,0
4450,23,0,0
4451,1,0,0
4452,32,0,0
4453,4,11,0
4454,6,0,0
4455,2,0,0
4456,7,0,0
4457,42,0,0
4458,7,0,0
4459,23,21,0
4460,18,15,0
4461,28,0,0
4462,3,0,0
4463,19,0,0
4464,18,0,0
4465,28,0,0
4466,1,0,0
4467,4,0,0
4468,23,11,0
4469,4,21,0
4470,23,0,0
4471,32,0,0
4472,39,0,0
4473,18,15,0
4474,19,10,0
4475,3,0,0
4476,17,0,0
4477,3,0,0
4478,4,0,0
4479,4,11,0
4480,18,0,0
4481,14,0,0
4482,23,0,0
4483,28,0,0
4484,2,0,0
4485,19,8,0
4486,3,0,0
4487,4,0,0
4488,26,0,0
4489,18,0,0
4490,9,0,0
4491,16,0,0
4492,4,0,0
4493,13,0,0
4494,4,0,0
4495,27,0,0
4496,6,0,0
4497,7,0,0
4498,7,0,0
4499,15,16,0
4500,6,0,0
4501,4,0,0
4502,12,0,0
4503,18,15,0
4504,38,0,0
4505,4,0,0
4506,7,0,0
4507,34,0,0
4508,4,0,0
4509,23,11,0
4510,4,0,0
4511,10,17,0
4512,14,0,0
4513,16,0,0
4514,14,0,0
4515,4,21,0
4516,14,0,0
4517,14,0,0
4518,20,0,0
4519,2,0,0
4520,3,15,0
4521,33,0,0
4522,3,0,0
4523,6,0,0
4524,4,11,0
4525,3,0,0
4526,15,20,0
4527,2,0,0
4528,40,0,0
4529,28,0,0
4530,17,0,0
4531,17,0,0
4532,3,0,0
4533,15,16,0
4534,4,0,0
4535,30,0,0
4536,3,0,0
4537,35,0,0
4538,18,25,0
4539,7,0,0
4540,10,16,0
4541,26,0,0
4542,7,0,0
4543,4,0,0
4544,4,21,0
4545,6,0,0
4546,5,0,0
4547,14,0,0
4548,2,0,0
4549,4,0,0
4550,4,0,0
4551,18,0,0
4552,18,15,0
4553,4,0,0
4554,18,25,0
4555,16,0,0
4556,2,0,0
4557,40,0,0
4558,18,0,0
4559,14,0,0
4560,2,0,0
4561,4,0,0
4562,26,0,0
4563,19,10,0
4564,4,11,0
4565,7,0,0
4566,27,0,0
4567,18,25,0
4568,38,0,0
4569,18,25,0
4570,12,0,0
4571,4,0,0
4572,18,0,0
4573,23,0,0
4574,2,0,0
4575,22,0,0
4576,4,0,0
4577,7,0,0
4578,4,11,0
4579,22,0,0
4580,32,0,0
4581,2,0,0
4582,4,0,0
4583,2,0,0
4584,14,0,0
4585,26,0,0
4586,3,0,0
4587,32,0,0
4588,4,0,0
4589,2,0,0
4590,20,8,0
4591,1,0,0
4592,4,11,0
4593,18,0,0
4594,3,0,0
4595,2,0,0
4596,30,0,0
4597,6,0,0
4598,15,20,0
4599,4,0,0
4600,16,0,0
4601,39,0,0
4602,1,0,0
4603,4,0,0
4604,8,9,0
4605,28,0,0
4606,15,7,0
4607,5,0,0
4608,23,0,0
4609,7,0,0
4610,35,0,0
4611,31,0,0
4612,3,0,0
4613,28,0,0
4614,7,0,0
4615,12,0,0
4616,6,0,0
4617,18,0,0
4618,8,9,0
4619,4,11,0
4620,3,0,0
4621,18,0,0
4622,12,0,0
4623,4,0,0
4624,26,0,0
4625,18,15,0
4626,2,0,0
4627,3,0,0
4628,27,0,0
4629,4,0,0
4630,23,11,0
4631,3,0,0
4632,4,0,0
4633,7,0,0
4634,4,21,0
4635,18,0,0
4636,7,0,0
4637,4,21,0
4638,5,0,0
4639,4,21,0
4640,34,0,0
4641,4,0,0
4642,18,0,0
4643,2,0,0
4644,34,0,0
4645,27,0,0
4646,23,21,0
4647,4,0,0
4648,18,0,0
4649,40,0,0
4650,29,0,0
4651,5,0,0
4652,6,0,0
4653,3,0,0
4654,3,0,0
4655,2,0,0
4656,4,11,0
4657,23,0,0
4658,7,0,0
4659,2,0,0
4660,4,21,0
4661,18,15,0
4662,7,0,0
4663,2,0,0
4664,18,0,0
4665,1,0,0
4666,22,0,0
4667,30,25,0
4668,4,21,0
4669,2,0,0
4670,6,0,0
4671,13,0,0
4672,17,0,0
4673,46,0,0
4674,2,0,0
4675,1,0,0
4676,23,0,0
4677,3,0,0
4678,39,0,0
4679,18,15,0
4680,17,0,0
4681,4,0,0
4682,18,0,0
4683,26,0,0
4684,3,0,0
4685,37,0,0
4686,5,0,0
4687,6,0,0
4688,3,0,0
4689,26,10,0
4690,4,11,0
4691,4,21,0
4692,23,0,0
4693,3,0,0
4694,3,0,0
4695,7,0,0
4696,4,11,0
4697,23,10,0
4698,3,0,0
4699,1,0,0
4700,4,0,0
4701,7,0,0
4702,4,11,0
4703,1,0,0
4704,23,11,0
4705,2,0,0
4706,6,0,0
4707,7,0,0
4708,34,0,0
4709,6,0,0
4710,42,0,0
4711,23,11,0
4712,4,0,0
4713,32,0,0
4714,18,0,0
4715,3,15,0
4716,4,21,0
4717,23,0,0
4718,42,0,0
4719,18,0,0
4720,26,0,0
4721,17,0,0
4722,4,0,0
4723,4,0,0
4724,2,0,0
4725,30,0,0
4726,1,0,0
4727,19,0,0
4728,7,0,0
4729,22,0,0
4730,23,10,0
4731,14,0,0
4732,4,11,0
4733,23,0,0
4734,26,0,0
4735,12,0,0
4736,3,0,0
4737,2,0,0
4738,2,0,0
4739,6,0,0
4740,27,0,0
4741,15,9,0
4742,1,0,0
4743,34,0,0
4744,18,15,0
4745,23,0,0
4746,37,0,0
4747,34,0,0
4748,4,11,0
4749,2,0,0
4750,3,0,0
4751,23,0,0
4752,27,0,0
4753,18,15,0
4754,3,0,0
4755,3,0,0
4756,3,0,0
4757,28,0,0
4758,16,0,0
4759,4,0,0
4760,2,0,0
4761,4,11,0
4762,3,0,0
4763,2,0,0
4764,34,0,0
4765,23,0,0
4766,18,0,0
4767,33,0,0
4768,27,0,0
4769,7,0,0
4770,4,21,0
4771,6,0,0
4772,7,0,0
4773,27,0,0
4774,3,0,0
4775,8,16,0
4776,18,25,0
4777,18,0,0
4778,4,21,0
4779,3,0,0
4780,40,0,0
4781,14,0,0
4782,6,0,0
4783,4,0,0
4784,10,16,0
4785,4,0,0
4786,22,0,0
4787,43,0,0
4788,4,21,0
4789,14,0,0
4790,4,21,0
4791,1,0,0
4792,29,0,0
4793,4,0,0
4794,4,0,0
4795,12,0,0
4796,4,0,0
4797,12,0,0
4798,15,16,0
4799,22,0,0
4800,27,0,0
4801,23,21,0
4802,4,0,0
4803,4,0,0
4804,18,0,0
4805,2,0,0
4806,4,11,0
4807,4,0,0
4808,6,0,0
4809,20,0,0
4810,4,0,0
4811,16,0,0
4812,2,0,0
4813,4,0,0
4814,3,0,0
4815,30,25,0
4816,7,0,0
4817,4,21,0
4818,2,0,0
4819,6,0,0
4820,4,21,0
4821,4,0,0
4822,34,0,0
4823,28,0,0
4824,28,0,0
4825,46,0,0
4826,2,0,0
4827,42,0,0
4828,2,0,0
4829,22,0,0
4830,42,0,0
4831,18,25,0
4832,27,0,0
4833,1,0,0
4834,3,0,0
4835,3,0,0
4836,2,0,0
4837,4,0,0
4838,3,0,0
4839,32,0,0
4840,1,0,0
4841,22,0,0
4842,2,0,0
4843,8,9,0
4844,3,0,0
4845,18,0,0
4846,4,21,0
4847,3,0,0
4848,3,15,0
4849,17,0,0
4850,28,25,0
4851,4,11,0
4852,2,0,0
4853,1,0,0
4854,22,10,0
4855,18,15,0
4856,2,0,0
4857,23,0,0
4858,28,0,0
4859,12,0,0
4860,4,0,0
4861,23,10,0
4862,7,0,0
4863,4,0,0
4864,15,20,0
4865,23,0,0
4866,14,0,0
4867,23,0,0
4868,4,11,0
4869,4,0,0
4870,4,21,0
4871,1,0,0
4872,3,0,0
4873,4,21,0
4874,12,0,0
4875,22,0,0
4876,4,21,0
4877,3,0,0
4878,2,0,0
4879,4,0,0
4880,4,0,0
4881,13,0,0
4882,3,0,0
4883,4,11,0
4884,1,0,0
4885,19,0,0
4886,2,0,0
4887,23,0,0
4888,23,0,0
4889,4,11,0
4890,14,0,0
4891,28,0,0
4892,23,11,0
4893,23,10,0
4894,6,0,0
4895,4,11,0
4896,4,21,0
4897,2,0,0
4898,18,0,0
4899,18,15,0
4900,7,0,0
4901,6,0,0
4902,3,0,0
4903,1,0,0
4904,6,0,0
4905,23,0,0
4906,18,25,0
4907,22,0,0
4908,6,0,0
4909,40,0,0
4910,6,0,0
4911,4,11,0
4912,4,0,0
4913,4,0,0
4914,4,21,0
4915,14,0,0
4916,3,0,0
4917,23,11,0
4918,4,21,0
4919,6,0,0
4920,4,21,0
4921,26,0,0
4922,23,0,0
4923,20,0,0
4924,7,0,0
4925,4,11,0
4926,18,0,0
4927,17,0,0
4928,15,19,0
4929,3,0,0
4930,34,0,0
4931,1,0,0
4932,7,0,0
4933,14,0,0
4934,4,0,0
4935,12,0,0
4936,3,0,0
4937,4,0,0
4938,6,0,0
4939,4,0,0
4940,33,0,0
4941,2,0,0
4942,2,0,0
4943,23,0,0
4944,3,0,0
4945,28,0,0
4946,7,0,0
4947,4,0,0
4948,2,0,0
4949,23,0,0
4950,18,24,0
4951,3,0,0
4952,4,0,0
4953,4,0,0
4954,32,0,0
4955,12,15,0
4956,32,0,0
4957,5,0,0
4958,17,0,0
4959,4,0,0
4960,32,0,0
4961,27,0,0
4962,18,0,0
4963,15,16,0
4964,32,0,0
4965,23,0,0
4966,4,21,0
4967,18,0,0
4968,3,0,0
4969,4,0,0
4970,4,21,0
4971,4,0,0
4972,6,0,0
4973,10,6,0
4974,23,21,0
4975,34,0,0
4976,4,0,0
4977,26,0,0
4978,4,0,0
4979,17,0,0
4980,17,0,0
4981,17,0,0
4982,27,0,0
4983,4,0,0
4984,18,0,0
4985,4,0,0
4986,4,0,0
4987,20,0,0
4988,4,0,0
4989,6,0,0
4990,3,10,0
4991,6,0,0
4992,7,0,0
4993,23,21,0
4994,27,0,0
4995,30,0,0
4996,23,0,0
4997,17,0,0
4998,4,0,0
4999,4,0,0
5000,10,38,0
5001,4,0,0
5002,12,0,0
5003,17,0,0
5004,4,0,0
5005,23,0,0
5006,23,0,0
5007,34,41,0
5008,17,0,0
5009,6,0,0
5010,34,0,0
5011,4,11,0
5012,4,0,0
5013,4,0,0
5014,4,0,0
5015,40,0,0
5016,6,0,0
5017,36,0,0
5018,22,0,0
5019,17,0,0
5020,23,10,0
5021,6,0,0
5022,45,4,0
5023,26,0,0
5024,19,0,0
5025,4,0,0
5026,7,0,0
5027,4,0,0
5028,3,0,0
5029,3,0,0
5030,2,0,0
5031,23,10,0
5032,4,21,0
5033,4,11,0
5034,4,0,0
5035,37,0,0
5036,18,0,0
5037,3,0,0
5038,4,0,0
5039,4,0,0
5040,4,0,0
5041,6,0,0
5042,4,21,0
5043,4,0,0
5044,14,0,0
5045,27,0,0
5046,4,21,0
5047,4,0,0
5048,27,0,0
5049,4,0,0
5050,6,0,0
5051,4,0,0
5052,2,0,0
5053,23,0,0
5054,6,0,0
5055,26,0,0
5056,14,0,0
5057,4,0,0
5058,4,21,0
5059,4,0,0
5060,4,0,0
5061,42,0,0
5062,33,0,0
5063,23,0,0
5064,7,0,0
5065,27,0,0
5066,4,0,0
5067,35,0,0
5068,4,0,0
5069,4,11,0
5070,4,0,0
5071,4,0,0
5072,4,0,0
5073,4,0,0
5074,23,0,0
5075,26,10,0
5076,27,0,0
5077,4,0,0
5078,18,15,0
5079,32,0,0
5080,4,0,0
5081,23,0,0
5082,22,0,0
5083,4,0,0
5084,4,0,0
5085,4,21,0
5086,10,6,0
5087,4,0,0
5088,2,0,0
5089,32,0,0
5090,32,0,0
5091,27,0,0
5092,4,0,0
5093,39,0,0
5094,7,0,0
5095,17,0,0
5096,27,0,0
5097,18,0,0
5098,41,28,0
5099,4,0,0
5100,28,0,0
